component,i,j,value
0,0,0,0.564426532496981
0,0,1,0.32840236855628935
0,0,2,0.5817164981456017
0,0,3,0.4570331127990572
0,0,4,0.0835164312380812
0,0,5,0.2836270576059124
0,0,6,0.24492715893416925
0,0,7,0.39698777787039097
0,0,8,0.02625929636672862
0,0,9,-0.5000133358720248
0,0,10,0.23845147315999504
0,0,11,0.014031227594645328
0,0,12,0.3052928597517269
0,0,13,0.2645462980133568
0,0,14,-0.2064679229094682
0,0,15,-0.10894692122558287
0,0,16,-0.3222597529393246
0,0,17,-0.03454540873439733
0,0,18,0.264410801331444
0,0,19,-0.46158891929885837
0,0,20,0.48378743374426786
0,0,21,0.3038717188003344
0,0,22,0.5223540047037956
0,0,23,0.370153713363564
0,0,24,-0.043321345017551
0,0,25,0.22524122474320293
0,0,26,0.1587474476953445
0,0,27,0.31402776661293896
0,0,28,0.2097635848945925
0,0,29,-0.2738691978872276
0,0,30,-0.40191047653400375
0,0,31,0.40191047653400375
0,1,0,0.32840236855628935
0,1,1,0.8692346486399
0,1,2,0.34002050478894263
0,1,3,0.2813720120271841
0,1,4,-0.12048424381740053
0,1,5,0.14897123881587843
0,1,6,0.20220634022350384
0,1,7,0.21801750823017196
0,1,8,0.08556992294236519
0,1,9,-0.39554597537708674
0,1,10,0.04865288945559795
0,1,11,0.11747334176719863
0,1,12,0.105653098295539
0,1,13,0.12557661427753852
0,1,14,-0.148779735789874
0,1,15,-0.01527121249627631
0,1,16,-0.22346106592816523
0,1,17,-0.1989420166462024
0,1,18,-0.02078155261917889
0,1,19,-0.506670095458169
0,1,20,0.32364727199015286
0,1,21,0.8917828827447158
0,1,22,0.36918302959986593
0,1,23,0.2660316799966052
0,1,24,0.13171195841064798
0,1,25,0.49728074773881326
0,1,26,0.41582193007478196
0,1,27,0.28026013695303253
0,1,28,0.42211719796039743
0,1,29,0.131421466143405
0,1,30,-0.4903079680151193
0,1,31,0.4903079680151193
0,2,0,0.5817164981456016
0,2,1,0.34002050478894263
0,2,2,0.6047824599799642
0,2,3,0.4735607885903048
0,2,4,0.11830719504354134
0,2,5,0.3525739801429896
0,2,6,0.29900572997543395
0,2,7,0.4416767162758013
0,2,8,0.07986215432876369
0,2,9,-0.4551345703174621
0,2,10,0.267249648663688
0,2,11,0.02366760279724833
0,2,12,0.34672659227205294
0,2,13,0.2873395487103049
0,2,14,-0.21359173337109819
0,2,15,-0.09692669757897637
0,2,16,-0.30874561495146
0,2,17,-0.012728392843433085
0,2,18,0.3179401822309357
0,2,19,-0.4697319513037387
0,2,20,0.5022573985104469
0,2,21,0.3177465916943857
0,2,22,0.5468000195600066
0,2,23,0.3866444620312628
0,2,24,-0.018212455700786844
0,2,25,0.26525307068854503
0,2,26,0.19810019813816707
0,2,27,0.3542903445979656
0,2,28,0.2596029506468927
0,2,29,-0.2501884665963874
0,2,30,-0.43227245977216444
0,2,31,0.43227245977216444
0,3,0,0.4570331127990572
0,3,1,0.2813720120271841
0,3,2,0.4735607885903048
0,3,3,0.37696013989890176
0,3,4,0.07185024841418099
0,3,5,0.24154272342006305
0,3,6,0.22297296465290656
0,3,7,0.32861363253591247
0,3,8,0.03825584730290799
0,3,9,-0.38169551323407586
0,3,10,0.21657219316061424
0,3,11,0.03324339179989135
0,3,12,0.2722139891363378
0,3,13,0.23150404409961528
0,3,14,-0.09815324558844328
0,3,15,-0.06779554493508701
0,3,16,-0.20503553311299777
0,3,17,0.008142418775893608
0,3,18,0.26267464422744047
0,3,19,-0.3425568148390199
0,3,20,0.3900980902378334
0,3,21,0.2478149864780243
0,3,22,0.4225029834923806
0,3,23,0.30445074496318736
0,3,24,-0.035463465337874034
0,3,25,0.15413249033538642
0,3,26,0.12427592454477393
0,3,27,0.24306194610640153
0,3,28,0.15988925208237278
0,3,29,-0.24620639240844197
0,3,30,-0.3290593502587997
0,3,31,0.3290593502587997
0,4,0,0.0835164312380812
0,4,1,-0.12048424381740051
0,4,2,0.11830719504354134
0,4,3,0.07185024841418099
0,4,4,1.6653194342117097
0,4,5,0.8140526910424464
0,4,6,0.39716733005917965
0,4,7,0.5998377738521353
0,4,8,0.8180479341693229
0,4,9,0.8885592907485698
0,4,10,0.19557897090140253
0,4,11,-0.07958021867870185
0,4,12,0.12440764896012756
0,4,13,0.12410888160806388
0,4,14,0.07269571133433675
0,4,15,-0.40503437813099247
0,4,16,-0.39846005179390676
0,4,17,-0.1086252331832788
0,4,18,0.580145239684129
0,4,19,-0.4151995162739317
0,4,20,0.19919046194579546
0,4,21,0.1505440134271646
0,4,22,0.18601427077744584
0,4,23,0.15183081195322348
0,4,24,1.4932310760550143
0,4,25,0.6389695083768325
0,4,26,0.357562288026362
0,4,27,0.5917627016812345
0,4,28,1.1310109736045502
0,4,29,0.7396046495605828
0,4,30,-0.6768778563261573
0,4,31,0.6768778563261573
0,5,0,0.2836270576059124
0,5,1,0.14897123881587843
0,5,2,0.3525739801429896
0,5,3,0.24154272342006305
0,5,4,0.8140526910424464
0,5,5,1.1083659097353324
0,5,6,0.7320403351855321
0,5,7,0.7040280142936439
0,5,8,0.8405112934773531
0,5,9,0.7137964014577362
0,5,10,0.3558101420626201
0,5,11,0.1348245949387909
0,5,12,0.4584481531444662
0,5,13,0.2845922675866171
0,5,14,-0.13712280911102745
0,5,15,0.18308690689635104
0,5,16,-0.0035134544300981308
0,5,17,0.17931395618171683
0,5,18,0.7709090656322087
0,5,19,-0.19040305123506213
0,5,20,0.3110250931574216
0,5,21,0.29797832376353267
0,5,22,0.36562662838760346
0,5,23,0.24470770537354392
0,5,24,0.7266598732476317
0,5,25,0.8604684105841144
0,5,26,0.6339699074855201
0,5,27,0.6945796352796645
0,5,28,0.9805980087214703
0,5,29,0.5945261187001568
0,5,30,-0.5694722077474943
0,5,31,0.5694722077474943
0,6,0,0.24492715893416925
0,6,1,0.20220634022350384
0,6,2,0.2990057299754339
0,6,3,0.22297296465290656
0,6,4,0.39716733005917965
0,6,5,0.7320403351855321
0,6,6,1.086714089730812
0,6,7,0.6078720094045691
0,6,8,0.6808164082767852
0,6,9,0.5015343447960041
0,6,10,0.3556928163116492
0,6,11,0.27882267532503796
0,6,12,0.3944716515767491
0,6,13,0.2572092335484129
0,6,14,-0.13700502020019212
0,6,15,0.3902102593253969
0,6,16,1.420524655100512
0,6,17,0.76635024446125
0,6,18,0.6932775794798858
0,6,19,0.3975204300905971
0,6,20,0.24162229337733535
0,6,21,0.2403127815805008
0,6,22,0.2873457603567111
0,6,23,0.20234686769779875
0,6,24,0.2573886360473663
0,6,25,0.5465668909013085
0,6,26,0.9892784648845097
0,6,27,0.6441281295666867
0,6,28,0.6611122348972855
0,6,29,0.40528954238525133
0,6,30,-0.4697832263656132
0,6,31,0.4697832263656132
0,7,0,0.39698777787039097
0,7,1,0.2180175082301719
0,7,2,0.4416767162758013
0,7,3,0.32861363253591247
0,7,4,0.5998377738521353
0,7,5,0.7040280142936439
0,7,6,0.6078720094045691
0,7,7,0.6559311672183775
0,7,8,0.5619661328961574
0,7,9,0.1821022973955352
0,7,10,0.3551492979895337
0,7,11,0.10943229160977669
0,7,12,0.3827966320878731
0,7,13,0.294223097722943
0,7,14,-0.10902572094592426
0,7,15,-0.052362589025718644
0,7,16,0.03352949044673831
0,7,17,0.23645640929270187
0,7,18,0.5580319771044437
0,7,19,-0.2866762302213386
0,7,20,0.3963749734232245
0,7,21,0.2831611987225557
0,7,22,0.43152091797120923
0,7,23,0.3093810583827848
0,7,24,0.4684536984241934
0,7,25,0.4729045887467218
0,7,26,0.436144458335377
0,7,27,0.5880017878001311
0,7,28,0.6670634377685513
0,7,29,0.15162273229694065
0,7,30,-0.572709704245946
0,7,31,0.572709704245946
0,8,0,0.02625929636672863
0,8,1,0.08556992294236519
0,8,2,0.07986215432876367
0,8,3,0.03825584730290799
0,8,4,0.8180479341693229
0,8,5,0.8405112934773529
0,8,6,0.6808164082767852
0,8,7,0.5619661328961573
0,8,8,1.616030861680794
0,8,9,0.8535063569742711
0,8,10,0.30264471823660466
0,8,11,0.33050624390435485
0,8,12,0.30226960862188545
0,8,13,0.19403858791516326
0,8,14,-0.33794120590640353
0,8,15,0.07081186194324393
0,8,16,0.3717690983737788
0,8,17,0.3454019005664502
0,8,18,1.134266947370516
0,8,19,-0.16551429200013903
0,8,20,0.11991398880845393
0,8,21,0.3070500186761251
0,8,22,0.15140679302417206
0,8,23,0.1067078750089388
0,8,24,0.7782144234014692
0,8,25,0.6420089666375662
0,8,26,0.591417002761763
0,8,27,0.5965864394588524
0,8,28,1.5511317188454055
0,8,29,0.5796652396012023
0,8,30,-0.4748995844332539
0,8,31,0.4748995844332539
0,9,0,-0.5000133358720248
0,9,1,-0.39554597537708674
0,9,2,-0.4551345703174621
0,9,3,-0.38169551323407586
0,9,4,0.8885592907485698
0,9,5,0.7137964014577362
0,9,6,0.501534344796004
0,9,7,0.1821022973955352
0,9,8,0.8535063569742711
0,9,9,1.7524715750768727
0,9,10,0.12877262994032226
0,9,11,0.22034902486190727
0,9,12,0.07445348761235249
0,9,13,-0.042515631725772884
0,9,14,0.29699460302342445
0,9,15,0.36771095333294257
0,9,16,0.8015576807451043
0,9,17,0.356192527668947
0,9,18,0.5927412678438797
0,9,19,1.0828197066069047
0,9,20,-0.36040818193882357
0,9,21,-0.24447911950336623
0,9,22,-0.3803992605597476
0,9,23,-0.26562904085095956
0,9,24,0.8328698660816138
0,9,25,0.3494951460209626
0,9,26,0.34054500324800674
0,9,27,0.18354750082265314
0,9,28,0.6848819596892897
0,9,29,1.0783994929723737
0,9,30,0.03148083473223957
0,9,31,-0.03148083473223957
0,10,0,0.23845147315999504
0,10,1,0.04865288945559793
0,10,2,0.267249648663688
0,10,3,0.21657219316061424
0,10,4,0.19557897090140253
0,10,5,0.3558101420626201
0,10,6,0.3556928163116492
0,10,7,0.3551492979895337
0,10,8,0.30264471823660466
0,10,9,0.12877262994032226
0,10,10,0.6222385486477723
0,10,11,0.3547161470411658
0,10,12,0.5421916885217694
0,10,13,0.40454247624924555
0,10,14,0.22551589343744138
0,10,15,0.1958672297737136
0,10,16,0.3345565243026067
0,10,17,0.5071928393980466
0,10,18,0.49299878997330565
0,10,19,0.3687367637963069
0,10,20,0.24852049918489114
0,10,21,-0.011484298296925478
0,10,22,0.24886644359446633
0,10,23,0.21365042654145147
0,10,24,-0.016290017472148706
0,10,25,-0.14488405964148088
0,10,26,-0.07986061541895549
0,10,27,0.14619564077651678
0,10,28,0.043154522573876884
0,10,29,-0.3079832716351205
0,10,30,-0.21180849708476335
0,10,31,0.21180849708476335
0,11,0,0.014031227594645328
0,11,1,0.11747334176719866
0,11,2,0.02366760279724834
0,11,3,0.03324339179989137
0,11,4,-0.07958021867870185
0,11,5,0.1348245949387909
0,11,6,0.2788226753250379
0,11,7,0.10943229160977669
0,11,8,0.33050624390435485
0,11,9,0.22034902486190727
0,11,10,0.3547161470411658
0,11,11,0.7073283327958604
0,11,12,0.24844705077584642
0,11,13,0.21871797264991513
0,11,14,0.31607153823032286
0,11,15,0.4005818891649171
0,11,16,0.7289803564066323
0,11,17,0.5469598268052137
0,11,18,0.5392592634517488
0,11,19,0.6622537711094866
0,11,20,0.007536097249185894
0,11,21,0.1733124229266486
0,11,22,-0.025488608980380575
0,11,23,0.029488663207586103
0,11,24,-0.12687805846388803
0,11,25,-0.18947909081289901
0,11,26,-0.06085387470166297
0,11,27,-0.036789261879778726
0,11,28,0.04361824647126815
0,11,29,-0.09203659164521276
0,11,30,0.00023934496016457326
0,11,31,-0.00023934496016457326
0,12,0,0.3052928597517269
0,12,1,0.105653098295539
0,12,2,0.34672659227205294
0,12,3,0.2722139891363378
0,12,4,0.12440764896012756
0,12,5,0.4584481531444662
0,12,6,0.3944716515767491
0,12,7,0.3827966320878731
0,12,8,0.30226960862188545
0,12,9,0.07445348761235249
0,12,10,0.5421916885217694
0,12,11,0.24844705077584642
0,12,12,0.6464863558632594
0,12,13,0.3951296485486283
0,12,14,0.10729185111508122
0,12,15,0.15522433189244933
0,12,16,0.17526260924316978
0,12,17,0.4298437700773572
0,12,18,0.3999904275101744
0,12,19,0.018011987633183124
0,12,20,0.3029317995822147
0,12,21,0.04604383428387561
0,12,22,0.3519468052608392
0,12,23,0.2596164218888837
0,12,24,-0.058890819113425474
0,12,25,0.014884884543663672
0,12,26,0.04074064622274405
0,12,27,0.23476210111485998
0,12,28,0.0734855035231383
0,12,29,-0.2780042406174959
0,12,30,-0.2294203912256502
0,12,31,0.2294203912256502
0,13,0,0.2645462980133568
0,13,1,0.12557661427753852
0,13,2,0.2873395487103049
0,13,3,0.23150404409961528
0,13,4,0.12410888160806388
0,13,5,0.2845922675866171
0,13,6,0.2572092335484129
0,13,7,0.294223097722943
0,13,8,0.19403858791516326
0,13,9,-0.042515631725772884
0,13,10,0.40454247624924555
0,13,11,0.21871797264991513
0,13,12,0.3951296485486283
0,13,13,0.302898067000633
0,13,14,0.11009943433511057
0,13,15,0.07443259639907256
0,13,16,0.08250862977960234
0,13,17,0.24976924974537104
0,13,18,0.3392945090108836
0,13,19,0.026789058117204875
0,13,20,0.2538362353920519
0,13,21,0.09756098245428176
0,13,22,0.2679077270944655
0,13,23,0.21376430130521795
0,13,24,0.006814531986413284
0,13,25,-0.017884369430403772
0,13,26,0.001418896352429237
0,13,27,0.1580575184090135
0,13,28,0.08450769977721595
0,13,29,-0.23035719716715466
0,13,30,-0.22742336874239588
0,13,31,0.22742336874239588
0,14,0,-0.2064679229094682
0,14,1,-0.148779735789874
0,14,2,-0.21359173337109819
0,14,3,-0.09815324558844328
0,14,4,0.07269571133433675
0,14,5,-0.13712280911102745
0,14,6,-0.13700502020019212
0,14,7,-0.10902572094592426
0,14,8,-0.33794120590640364
0,14,9,0.29699460302342445
0,14,10,0.22551589343744138
0,14,11,0.3160715382303228
0,14,12,0.10729185111508122
0,14,13,0.11009943433511057
0,14,14,2.6955554831174426
0,14,15,0.6352162839016905
0,14,16,0.6364573624625388
0,14,17,0.9584067168409446
0,14,18,0.10463044480135064
0,14,19,0.8847458120499856
0,14,20,-0.29422414415257625
0,14,21,-0.4921599351410349
0,14,22,-0.3660075917980687
0,14,23,-0.17486363275804803
0,14,24,0.028237476739374923
0,14,25,-0.9354891152694155
0,14,26,-0.8582032289695594
0,14,27,-0.549253933733354
0,14,28,-1.0963337964205406
0,14,29,-0.6758563045242507
0,14,30,0.12838955235729205
0,14,31,-0.12838955235729205
0,15,0,-0.10894692122558287
0,15,1,-0.015271212496276316
0,15,2,-0.09692669757897639
0,15,3,-0.06779554493508701
0,15,4,-0.40503437813099247
0,15,5,0.18308690689635107
0,15,6,0.3902102593253969
0,15,7,-0.052362589025718644
0,15,8,0.07081186194324396
0,15,9,0.36771095333294257
0,15,10,0.1958672297737136
0,15,11,0.40058188916491716
0,15,12,0.15522433189244933
0,15,13,0.07443259639907256
0,15,14,0.6352162839016905
0,15,15,1.530601860511706
0,15,16,1.5834433384247961
0,15,17,1.0224694380071688
0,15,18,0.6926787433644069
0,15,19,1.6225643811913033
0,15,20,-0.19472147517066654
0,15,21,-0.17522216512621053
0,15,22,-0.21133754771916885
0,15,23,-0.14059152637653285
0,15,24,-0.5407851802644652
0,15,25,0.055844395743930755
0,15,26,0.23835141583744163
0,15,27,-0.10103414712301702
0,15,28,-0.20641532081969233
0,15,29,0.11882755596521585
0,15,30,0.16396240359995268
0,15,31,-0.16396240359995268
0,16,0,-0.3222597529393246
0,16,1,-0.22346106592816525
0,16,2,-0.30874561495146
0,16,3,-0.20503553311299771
0,16,4,-0.39846005179390676
0,16,5,-0.0035134544300981503
0,16,6,1.420524655100512
0,16,7,0.033529490446738315
0,16,8,0.3717690983737788
0,16,9,0.8015576807451045
0,16,10,0.3345565243026067
0,16,11,0.7289803564066323
0,16,12,0.17526260924316978
0,16,13,0.08250862977960234
0,16,14,0.6364573624625388
0,16,15,1.5834433384247961
0,16,16,4.7153156606377795
0,16,17,2.3822252445777976
0,16,18,0.8011890684609084
0,16,19,2.647531323434634
0,16,20,-0.38145827086153233
0,16,21,-0.4438400112789639
0,16,22,-0.4063963384836216
0,16,23,-0.254268091859637
0,16,24,-0.7136486979656395
0,16,25,-0.359515247270025
0,16,26,1.1454954991833226
0,16,27,0.07122709356925638
0,16,28,-0.27887887390673893
0,16,29,0.12585331112523113
0,16,30,0.38628659527033055
0,16,31,-0.38628659527033055
0,17,0,-0.03454540873439733
0,17,1,-0.1989420166462024
0,17,2,-0.012728392843433085
0,17,3,0.008142418775893608
0,17,4,-0.1086252331832788
0,17,5,0.17931395618171683
0,17,6,0.76635024446125
0,17,7,0.2364564092927018
0,17,8,0.34540190056645015
0,17,9,0.356192527668947
0,17,10,0.5071928393980466
0,17,11,0.5469598268052137
0,17,12,0.4298437700773572
0,17,13,0.24976924974537104
0,17,14,0.9584067168409446
0,17,15,1.0224694380071688
0,17,16,2.3822252445777976
0,17,17,1.9704949279369361
0,17,18,0.660231284101939
0,17,19,1.5355256785168683
0,17,20,-0.13222839620720095
0,17,21,-0.5124496377213392
0,17,22,-0.14420081301897397
0,17,23,-0.07778717861860905
0,17,24,-0.6153428791505866
0,17,25,-0.5880111200693475
0,17,26,0.09066380956509236
0,17,27,0.03952892374439109
0,17,28,-0.4905993529530134
0,17,29,-0.5352544734762293
0,17,30,0.1801226717310756
0,17,31,-0.1801226717310756
0,18,0,0.264410801331444
0,18,1,-0.02078155261917887
0,18,2,0.3179401822309357
0,18,3,0.26267464422744047
0,18,4,0.5801452396841291
0,18,5,0.7709090656322087
0,18,6,0.6932775794798858
0,18,7,0.5580319771044437
0,18,8,1.134266947370516
0,18,9,0.5927412678438797
0,18,10,0.49299878997330565
0,18,11,0.5392592634517488
0,18,12,0.3999904275101744
0,18,13,0.3392945090108836
0,18,14,0.10463044480135066
0,18,15,0.6926787433644069
0,18,16,0.8011890684609084
0,18,17,0.660231284101939
0,18,18,2.7828156257444503
0,18,19,0.4264453599999393
0,18,20,0.19451451056430358
0,18,21,-0.056846713535682096
0,18,22,0.16542362729313992
0,18,23,0.16305588239435748
0,18,24,0.09208726973735507
0,18,25,0.08932470408291965
0,18,26,0.1319640773817665
0,18,27,0.3165662608412252
0,18,28,1.556765237354255
0,18,29,-0.14610573830750964
0,18,30,-0.3372803987486928
0,18,31,0.3372803987486928
0,19,0,-0.46158891929885837
0,19,1,-0.506670095458169
0,19,2,-0.4697319513037387
0,19,3,-0.34255681483901984
0,19,4,-0.4151995162739317
0,19,5,-0.19040305123506213
0,19,6,0.3975204300905971
0,19,7,-0.2866762302213386
0,19,8,-0.16551429200013903
0,19,9,1.0828197066069047
0,19,10,0.3687367637963069
0,19,11,0.6622537711094866
0,19,12,0.018011987633183093
0,19,13,0.026789058117204848
0,19,14,0.8847458120499856
0,19,15,1.6225643811913033
0,19,16,2.647531323434634
0,19,17,1.5355256785168683
0,19,18,0.4264453599999393
0,19,19,3.8445817908688533
0,19,20,-0.5227236521004701
0,19,21,-0.7577277310997649
0,19,22,-0.6132560301988363
0,19,23,-0.3874201603924576
0,19,24,-0.8092518780827819
0,19,25,-0.7538864027551354
0,19,26,-0.19246685249300396
0,19,27,-0.5196416454007692
0,19,28,-0.9895575043111858
0,19,29,0.26937372957417477
0,19,30,0.6865479211751353
0,19,31,-0.6865479211751353
0,20,0,0.48378743374426786
0,20,1,0.3236472719901529
0,20,2,0.5022573985104469
0,20,3,0.3900980902378333
0,20,4,0.19919046194579546
0,20,5,0.3110250931574216
0,20,6,0.24162229337733535
0,20,7,0.3963749734232245
0,20,8,0.11991398880845393
0,20,9,-0.36040818193882357
0,20,10,0.24852049918489114
0,20,11,0.00753609724918589
0,20,12,0.3029317995822147
0,20,13,0.2538362353920519
0,20,14,-0.29422414415257625
0,20,15,-0.19472147517066654
0,20,16,-0.38145827086153233
0,20,17,-0.13222839620720095
0,20,18,0.19451451056430355
0,20,19,-0.5227236521004701
0,20,20,0.4682291552672372
0,20,21,0.38035442397165364
0,20,22,0.5074231598393737
0,20,23,0.36060076285693204
0,20,24,0.16546548878607126
0,20,25,0.33859095097574454
0,20,26,0.23649344219856056
0,20,27,0.36897742627860625
0,20,28,0.39266502382566115
0,20,29,-0.09568165516380873
0,20,30,-0.46199618316554814
0,20,31,0.46199618316554814
0,21,0,0.3038717188003344
0,21,1,0.8917828827447158
0,21,2,0.3177465916943857
0,21,3,0.2478149864780243
0,21,4,0.15054401342716459
0,21,5,0.29797832376353267
0,21,6,0.2403127815805008
0,21,7,0.2831611987225557
0,21,8,0.3070500186761251
0,21,9,-0.24447911950336623
0,21,10,-0.011484298296925486
0,21,11,0.1733124229266486
0,21,12,0.04604383428387561
0,21,13,0.09756098245428176
0,21,14,-0.4921599351410348
0,21,15,-0.1752221651262105
0,21,16,-0.4438400112789639
0,21,17,-0.5124496377213391
0,21,18,-0.05684671353568208
0,21,19,-0.7577277310997649
0,21,20,0.3803544239716536
0,21,21,1.2134398127366133
0,21,22,0.42491309526313864
0,21,23,0.3057006149062569
0,21,24,0.6089381365799711
0,21,25,0.9606004069045554
0,21,26,0.7296653984538285
0,21,27,0.5045782729519497
0,21,28,0.9549982914756522
0,21,29,0.5989333555267506
0,21,30,-0.7033570212537932
0,21,31,0.7033570212537932
0,22,0,0.5223540047037956
0,22,1,0.36918302959986593
0,22,2,0.5468000195600066
0,22,3,0.4225029834923806
0,22,4,0.1860142707774458
0,22,5,0.36562662838760346
0,22,6,0.2873457603567111
0,22,7,0.4315209179712091
0,22,8,0.15140679302417206
0,22,9,-0.3803992605597476
0,22,10,0.24886644359446633
0,22,11,-0.02548860898038058
0,22,12,0.3519468052608392
0,22,13,0.2679077270944655
0,22,14,-0.3660075917980687
0,22,15,-0.21133754771916885
0,22,16,-0.4063963384836216
0,22,17,-0.14420081301897397
0,22,18,0.1654236272931399
0,22,19,-0.6132560301988363
0,22,20,0.5074231598393737
0,22,21,0.42491309526313864
0,22,22,0.5700675046812571
0,22,23,0.3938859104119418
0,22,24,0.16078168834195852
0,22,25,0.4205811082986654
0,22,26,0.3180295261439789
0,22,27,0.4288634306025121
0,22,28,0.43332795122144974
0,22,29,-0.07804514286959878
0,22,30,-0.5010201243084332
0,22,31,0.5010201243084332
0,23,0,0.370153713363564
0,23,1,0.2660316799966052
0,23,2,0.3866444620312628
0,23,3,0.30445074496318736
0,23,4,0.15183081195322348
0,23,5,0.24470770537354392
0,23,6,0.20234686769779875
0,23,7,0.3093810583827849
0,23,8,0.1067078750089388
0,23,9,-0.26562904085095956
0,23,10,0.21365042654145147
0,23,11,0.029488663207586103
0,23,12,0.2596164218888837
0,23,13,0.21376430130521795
0,23,14,-0.17486363275804803
0,23,15,-0.14059152637653288
0,23,16,-0.254268091859637
0,23,17,-0.07778717861860907
0,23,18,0.16305588239435745
0,23,19,-0.3874201603924576
0,23,20,0.3606007628569321
0,23,21,0.3057006149062569
0,23,22,0.3938859104119419
0,23,23,0.285353286412862
0,23,24,0.12877507905564567
0,23,25,0.2335631461248077
0,23,26,0.17644719372142545
0,23,27,0.27212517345725673
0,23,28,0.28190792649708274
0,23,29,-0.09892892797926274
0,23,30,-0.3632319255614762
0,23,31,0.3632319255614762
0,24,0,-0.04332134501755098
0,24,1,0.131711958410648
0,24,2,-0.018212455700786844
0,24,3,-0.035463465337874034
0,24,4,1.4932310760550138
0,24,5,0.7266598732476317
0,24,6,0.2573886360473663
0,24,7,0.4684536984241934
0,24,8,0.7782144234014692
0,24,9,0.8328698660816138
0,24,10,-0.016290017472148727
0,24,11,-0.126878058463888
0,24,12,-0.058890819113425474
0,24,13,0.006814531986413274
0,24,14,0.028237476739374844
0,24,15,-0.5407851802644652
0,24,16,-0.7136486979656395
0,24,17,-0.6153428791505866
0,24,18,0.09208726973735509
0,24,19,-0.8092518780827818
0,24,20,0.16546548878607126
0,24,21,0.6089381365799711
0,24,22,0.16078168834195852
0,24,23,0.12877507905564564
0,24,24,1.9555859573048628
0,24,25,1.1040172454276371
0,24,26,0.6356274088531064
0,24,27,0.6833925259303388
0,24,28,1.3678420332183396
0,24,29,1.1692647122949322
0,24,30,-0.7894390380060313
0,24,31,0.7894390380060313
0,25,0,0.22524122474320293
0,25,1,0.49728074773881326
0,25,2,0.265253070688545
0,25,3,0.15413249033538642
0,25,4,0.6389695083768325
0,25,5,0.8604684105841144
0,25,6,0.5465668909013085
0,25,7,0.4729045887467218
0,25,8,0.6420089666375662
0,25,9,0.3494951460209626
0,25,10,-0.14488405964148088
0,25,11,-0.189479090812899
0,25,12,0.014884884543663665
0,25,13,-0.017884369430403783
0,25,14,-0.9354891152694155
0,25,15,0.055844395743930755
0,25,16,-0.359515247270025
0,25,17,-0.5880111200693475
0,25,18,0.08932470408291965
0,25,19,-0.7538864027551354
0,25,20,0.33859095097574454
0,25,21,0.9606004069045554
0,25,22,0.4205811082986654
0,25,23,0.2335631461248077
0,25,24,1.1040172454276371
0,25,25,1.8424847525430392
0,25,26,1.4068564987955805
0,25,27,0.9527908426577727
0,25,28,1.571958617924275
0,25,29,1.4833882870886335
0,25,30,-0.8465889485647894
0,25,31,0.8465889485647894
0,26,0,0.1587474476953445
0,26,1,0.41582193007478196
0,26,2,0.19810019813816707
0,26,3,0.12427592454477393
0,26,4,0.357562288026362
0,26,5,0.6339699074855201
0,26,6,0.9892784648845097
0,26,7,0.436144458335377
0,26,8,0.591417002761763
0,26,9,0.34054500324800674
0,26,10,-0.07986061541895549
0,26,11,-0.06085387470166296
0,26,12,0.04074064622274405
0,26,13,0.0014188963524292468
0,26,14,-0.8582032289695594
0,26,15,0.23835141583744168
0,26,16,1.1454954991833226
0,26,17,0.0906638095650923
0,26,18,0.1319640773817665
0,26,19,-0.19246685249300396
0,26,20,0.23649344219856056
0,26,21,0.7296653984538285
0,26,22,0.3180295261439789
0,26,23,0.17644719372142545
0,26,24,0.6356274088531064
0,26,25,1.4068564987955805
0,26,26,1.7969199517603414
0,26,27,0.8987127834559762
0,26,28,1.1945108492677803
0,26,29,1.2474103526171383
0,26,30,-0.6494500538146453
0,26,31,0.6494500538146453
0,27,0,0.31402776661293896
0,27,1,0.28026013695303253
0,27,2,0.3542903445979656
0,27,3,0.24306194610640153
0,27,4,0.5917627016812345
0,27,5,0.6945796352796645
0,27,6,0.6441281295666867
0,27,7,0.5880017878001311
0,27,8,0.5965864394588524
0,27,9,0.18354750082265314
0,27,10,0.14619564077651678
0,27,11,-0.036789261879778726
0,27,12,0.23476210111485998
0,27,13,0.1580575184090135
0,27,14,-0.549253933733354
0,27,15,-0.101034147123017
0,27,16,0.0712270935692564
0,27,17,0.039528923744391084
0,27,18,0.3165662608412252
0,27,19,-0.5196416454007692
0,27,20,0.36897742627860625
0,27,21,0.5045782729519497
0,27,22,0.4288634306025121
0,27,23,0.27212517345725673
0,27,24,0.6833925259303388
0,27,25,0.9527908426577727
0,27,26,0.8987127834559762
0,27,27,0.808864283127082
0,27,28,1.0313598411402352
0,27,29,0.5957242043127063
0,27,30,-0.6718812894877778
0,27,31,0.6718812894877778
0,28,0,0.2097635848945925
0,28,1,0.42211719796039743
0,28,2,0.2596029506468927
0,28,3,0.15988925208237278
0,28,4,1.1310109736045502
0,28,5,0.9805980087214703
0,28,6,0.6611122348972855
0,28,7,0.6670634377685515
0,28,8,1.5511317188454055
0,28,9,0.6848819596892898
0,28,10,0.04315452257387688
0,28,11,0.04361824647126815
0,28,12,0.0734855035231383
0,28,13,0.08450769977721595
0,28,14,-1.0963337964205406
0,28,15,-0.2064153208196923
0,28,16,-0.27887887390673893
0,28,17,-0.4905993529530134
0,28,18,1.556765237354255
0,28,19,-0.9895575043111858
0,28,20,0.39266502382566115
0,28,21,0.9549982914756522
0,28,22,0.43332795122144974
0,28,23,0.2819079264970827
0,28,24,1.3678420332183396
0,28,25,1.571958617924275
0,28,26,1.1945108492677803
0,28,27,1.0313598411402352
0,28,28,2.88696733021653
0,28,29,1.2888666251268097
0,28,30,-0.9892736843532278
0,28,31,0.9892736843532278
0,29,0,-0.2738691978872276
0,29,1,0.131421466143405
0,29,2,-0.2501884665963874
0,29,3,-0.24620639240844197
0,29,4,0.7396046495605828
0,29,5,0.5945261187001568
0,29,6,0.40528954238525133
0,29,7,0.15162273229694065
0,29,8,0.5796652396012023
0,29,9,1.0783994929723735
0,29,10,-0.3079832716351205
0,29,11,-0.09203659164521276
0,29,12,-0.2780042406174959
0,29,13,-0.23035719716715475
0,29,14,-0.6758563045242507
0,29,15,0.11882755596521583
0,29,16,0.12585331112523118
0,29,17,-0.5352544734762293
0,29,18,-0.14610573830750961
0,29,19,0.26937372957417477
0,29,20,-0.09568165516380873
0,29,21,0.5989333555267506
0,29,22,-0.07804514286959881
0,29,23,-0.09892892797926273
0,29,24,1.1692647122949322
0,29,25,1.4833882870886335
0,29,26,1.2474103526171385
0,29,27,0.5957242043127062
0,29,28,1.2888666251268095
0,29,29,2.0931278607497315
0,29,30,-0.44761918956810837
0,29,31,0.44761918956810837
0,30,0,-0.40191047653400375
0,30,1,-0.4903079680151193
0,30,2,-0.43227245977216444
0,30,3,-0.3290593502587997
0,30,4,-0.6768778563261573
0,30,5,-0.5694722077474944
0,30,6,-0.46978322636561326
0,30,7,-0.572709704245946
0,30,8,-0.4748995844332539
0,30,9,0.03148083473223958
0,30,10,-0.21180849708476335
0,30,11,0.00023934496016457326
0,30,12,-0.2294203912256502
0,30,13,-0.22742336874239588
0,30,14,0.12838955235729205
0,30,15,0.16396240359995268
0,30,16,0.38628659527033055
0,30,17,0.1801226717310756
0,30,18,-0.3372803987486928
0,30,19,0.6865479211751353
0,30,20,-0.46199618316554814
0,30,21,-0.7033570212537932
0,30,22,-0.5010201243084332
0,30,23,-0.3632319255614762
0,30,24,-0.7894390380060313
0,30,25,-0.8465889485647894
0,30,26,-0.6494500538146453
0,30,27,-0.6718812894877778
0,30,28,-0.9892736843532278
0,30,29,-0.44761918956810837
0,30,30,1.0185338032265856
0,30,31,-1.0185328032265857
0,31,0,0.40191047653400375
0,31,1,0.4903079680151193
0,31,2,0.43227245977216444
0,31,3,0.3290593502587997
0,31,4,0.6768778563261573
0,31,5,0.5694722077474944
0,31,6,0.46978322636561326
0,31,7,0.572709704245946
0,31,8,0.4748995844332539
0,31,9,-0.03148083473223958
0,31,10,0.21180849708476335
0,31,11,-0.00023934496016457326
0,31,12,0.2294203912256502
0,31,13,0.22742336874239588
0,31,14,-0.12838955235729205
0,31,15,-0.16396240359995268
0,31,16,-0.38628659527033055
0,31,17,-0.1801226717310756
0,31,18,0.3372803987486928
0,31,19,-0.6865479211751353
0,31,20,0.46199618316554814
0,31,21,0.7033570212537932
0,31,22,0.5010201243084332
0,31,23,0.3632319255614762
0,31,24,0.7894390380060313
0,31,25,0.8465889485647894
0,31,26,0.6494500538146453
0,31,27,0.6718812894877778
0,31,28,0.9892736843532278
0,31,29,0.44761918956810837
0,31,30,-1.0185328032265857
0,31,31,1.0185338032265856
1,0,0,0.7864137591644657
1,0,1,0.08420489648065338
1,0,2,0.7808395602686985
1,0,3,0.9094020521763203
1,0,4,-0.007988067297751304
1,0,5,0.263358111135708
1,0,6,0.4848730536356755
1,0,7,0.5768889452635191
1,0,8,0.017275596184670654
1,0,9,-0.2305490140515319
1,0,10,0.7235984192764459
1,0,11,0.05460752878700233
1,0,12,0.7258890582738825
1,0,13,0.8492355902014086
1,0,14,0.045181848436294234
1,0,15,0.1853418828797835
1,0,16,0.188327830997063
1,0,17,0.21428989117802358
1,0,18,0.12008505906314423
1,0,19,0.05687710498537459
1,0,20,0.7142806328778467
1,0,21,-0.04420008004430281
1,0,22,0.7098301084580507
1,0,23,0.8304331876456673
1,0,24,-0.19031567090316848
1,0,25,0.04983013228249684
1,0,26,0.17451090938776062
1,0,27,0.2976468828521728
1,0,28,-0.154611235526992
1,0,29,-0.23287658520380283
1,0,30,-1.9515032677727226e-31
1,0,31,1.9515032677727226e-31
1,1,0,0.08420489648065338
1,1,1,0.7703336663293712
1,1,2,0.08409184178318863
1,1,3,0.09866821622331814
1,1,4,-0.11196464355376042
1,1,5,0.00754557476753979
1,1,6,0.038314273420969804
1,1,7,0.008686434800034401
1,1,8,-0.08420167308661178
1,1,9,-0.0646143833693162
1,1,10,0.049620279710072705
1,1,11,0.2370714431224077
1,1,12,0.0663897447695659
1,1,13,0.06583328330294456
1,1,14,0.002465979857157402
1,1,15,0.0784972092280712
1,1,16,0.03875575088893681
1,1,17,0.014102677710998211
1,1,18,-0.05725912412446307
1,1,19,0.022411549312928655
1,1,20,0.10398746914236916
1,1,21,0.651901526285153
1,1,22,0.10326656639794815
1,1,23,0.12767256994609918
1,1,24,-0.01587563761632953
1,1,25,0.05900922638208527
1,1,26,0.044112141350388885
1,1,27,-0.006101486732656856
1,1,28,-0.09740828856841798
1,1,29,0.0047089661864694946
1,1,30,-6.911574073361726e-32
1,1,31,6.911574073361726e-32
1,2,0,0.7808395602686985
1,2,1,0.08409184178318863
1,2,2,0.7814680893015924
1,2,3,0.9042813654081845
1,2,4,0.036020555679153105
1,2,5,0.32538049453866924
1,2,6,0.5318281259830007
1,2,7,0.6115976527642517
1,2,8,0.059681652438147055
1,2,9,-0.17336369938348886
1,2,10,0.7331472491063671
1,2,11,0.06588466875533996
1,2,12,0.7465704961575677
1,2,13,0.8584664376003945
1,2,14,0.06090811590848869
1,2,15,0.2324403246565444
1,2,16,0.21552854896037316
1,2,17,0.23854743788951338
1,2,18,0.1371768713685704
1,2,19,0.09306113615029447
1,2,20,0.7081020822630816
1,2,21,-0.04527520847324412
1,2,22,0.7123417600045859
1,2,23,0.8240218450170387
1,2,24,-0.1573534191744419
1,2,25,0.0996215104285108
1,2,26,0.21202604106763528
1,2,27,0.32458021382591035
1,2,28,-0.13241666426980286
1,2,29,-0.18320199240828308
1,2,30,-2.1141285400871164e-31
1,2,31,2.1141285400871164e-31
1,3,0,0.9094020521763203
1,3,1,0.09866821622331814
1,3,2,0.9042813654081845
1,3,3,1.0726299969563198
1,3,4,0.007604328765254987
1,3,5,0.29541483713847944
1,3,6,0.5679638562272997
1,3,7,0.6690594262949101
1,3,8,0.0029860526562713046
1,3,9,-0.2634501938490471
1,3,10,0.9060725443130846
1,3,11,0.06781410103134769
1,3,12,0.9093993543467055
1,3,13,1.0817479160622154
1,3,14,0.06955628455369949
1,3,15,0.20234136861827287
1,3,16,0.21531603309872613
1,3,17,0.24017467116816074
1,3,18,0.13070909665794728
1,3,19,0.05975929271542469
1,3,20,0.8316935547121309
1,3,21,-0.045983814610550997
1,3,22,0.828147758315658
1,3,23,0.9877751620775519
1,3,24,-0.20454880703082856
1,3,25,0.04522946714014333
1,3,26,0.1966013291876949
1,3,27,0.3402349043586928
1,3,28,-0.20693700464713768
1,3,29,-0.27308620645288895
1,3,30,-6.830261437204529e-31
1,3,31,6.830261437204529e-31
1,4,0,-0.007988067297751304
1,4,1,-0.11196464355376042
1,4,2,0.036020555679153105
1,4,3,0.007604328765254982
1,4,4,0.7095373126829688
1,4,5,0.5295254430507599
1,4,6,0.5059138131644806
1,4,7,0.4464482824761168
1,4,8,0.4325042949572998
1,4,9,0.5549735409157682
1,4,10,0.18758871703387264
1,4,11,0.10336240274795068
1,4,12,0.19767708602216227
1,4,13,0.17187128984496242
1,4,14,0.24695308168277064
1,4,15,0.27210459605404
1,4,16,0.19387476023485642
1,4,17,0.14807225255570966
1,4,18,0.1120752107845909
1,4,19,0.25473502642120727
1,4,20,0.010792756403584937
1,4,21,-0.06548854181738041
1,4,22,0.05061026185978787
1,4,23,0.019681768807417108
1,4,24,0.5326972810397089
1,4,25,0.3494457407292992
1,4,26,0.3337349190931921
1,4,27,0.3018850270097351
1,4,28,0.2012568135312465
1,4,29,0.42216713455662735
1,4,30,-8.944389977291646e-32
1,4,31,8.944389977291646e-32
1,5,0,0.263358111135708
1,5,1,0.00754557476753979
1,5,2,0.32538049453866924
1,5,3,0.29541483713847944
1,5,4,0.5295254430507599
1,5,5,0.874411266854852
1,5,6,0.7330866009934858
1,5,7,0.6516866930814205
1,5,8,0.5689229498622179
1,5,9,0.6063506342516218
1,5,10,0.3540642820454623
1,5,11,0.07891130351604297
1,5,12,0.43926676719817537
1,5,13,0.36062592221816586
1,5,14,0.1577695238026508
1,5,15,0.6273607616902547
1,5,16,0.36636730193479583
1,5,17,0.3463852876946779
1,5,18,0.25850917485882513
1,5,19,0.4390773369703686
1,5,20,0.25994723796532754
1,5,21,-0.040374847696589604
1,5,22,0.3390835982611193
1,5,23,0.2856263873963846
1,5,24,0.3451167901722572
1,5,25,0.6884529811878778
1,5,26,0.537551615501974
1,5,27,0.49052299722543136
1,5,28,0.32739154685612026
1,5,29,0.5686351846594477
1,5,30,6.505010892575742e-32
1,5,31,-6.505010892575742e-32
1,6,0,0.4848730536356755
1,6,1,0.038314273420969804
1,6,2,0.5318281259830007
1,6,3,0.5679638562272997
1,6,4,0.5059138131644806
1,6,5,0.7330866009934858
1,6,6,0.8563496704619139
1,6,7,0.7713676980893858
1,6,8,0.4435943541007086
1,6,9,0.3600643206173285
1,6,10,0.5858879551314853
1,6,11,0.12544077408654192
1,6,12,0.6375881462520469
1,6,13,0.6541173860346619
1,6,14,0.2305041598804791
1,6,15,0.5192427743196526
1,6,16,0.422844719098651
1,6,17,0.3517716430142337
1,6,18,0.24872324849361202
1,6,19,0.33279101816535017
1,6,20,0.4346648024248735
1,6,21,-0.04212576274034776
1,6,22,0.4940796363384515
1,6,23,0.5042338244194182
1,6,24,0.2628922967365853
1,6,25,0.4732356944642759
1,6,26,0.5472882960112835
1,6,27,0.48731861710815755
1,6,28,0.14041450124514232
1,6,29,0.284161334956966
1,6,30,-4.8787581694318066e-32
1,6,31,4.8787581694318066e-32
1,7,0,0.5768889452635191
1,7,1,0.008686434800034401
1,7,2,0.6115976527642517
1,7,3,0.6690594262949101
1,7,4,0.4464482824761168
1,7,5,0.6516866930814205
1,7,6,0.7713676980893858
1,7,7,0.8107454077883218
1,7,8,0.38357580513667866
1,7,9,0.2584998502985387
1,7,10,0.6345818150995366
1,7,11,0.11137261960875273
1,7,12,0.6721822926851803
1,7,13,0.6939994178569047
1,7,14,0.17114651209288737
1,7,15,0.42077677656427737
1,7,16,0.3237050313927142
1,7,17,0.34501888093276095
1,7,18,0.2279738917387761
1,7,19,0.27234059558089707
1,7,20,0.5286360337155868
1,7,21,-0.07811978530075633
1,7,22,0.5695440396997351
1,7,23,0.6087327808178936
1,7,24,0.16809130718928783
1,7,25,0.3546159230905736
1,7,26,0.4120240541703359
1,7,27,0.49507378497413984
1,7,28,0.08350907736542813
1,7,29,0.15804325124867225
1,7,30,-2.7646296293446904e-31
1,7,31,2.7646296293446904e-31
1,8,0,0.017275596184670654
1,8,1,-0.08420167308661178
1,8,2,0.059681652438147055
1,8,3,0.0029860526562713046
1,8,4,0.4325042949572998
1,8,5,0.568922949862218
1,8,6,0.4435943541007086
1,8,7,0.38357580513667866
1,8,8,0.8518415755889781
1,8,9,0.48332726407958226
1,8,10,0.14798644339698774
1,8,11,0.1047740677470488
1,8,12,0.1806704141408086
1,8,13,0.10776129575549932
1,8,14,0.1175692144118797
1,8,15,0.3997662791826521
1,8,16,0.24777782528494705
1,8,17,0.23858639570078718
1,8,18,0.4063352470538589
1,8,19,0.30390012584906423
1,8,20,0.021906204358895467
1,8,21,-0.07524314866105454
1,8,22,0.0702184030645328
1,8,23,0.004138515018307352
1,8,24,0.255480491376853
1,8,25,0.41127299191747446
1,8,26,0.3098067052425901
1,8,27,0.2918545778245516
1,8,28,0.6127514828324221
1,8,29,0.40385793959032895
1,8,30,-4.8787581694318066e-32
1,8,31,4.8787581694318066e-32
1,9,0,-0.2305490140515319
1,9,1,-0.0646143833693162
1,9,2,-0.17336369938348883
1,9,3,-0.2634501938490471
1,9,4,0.5549735409157682
1,9,5,0.6063506342516218
1,9,6,0.3600643206173285
1,9,7,0.2584998502985387
1,9,8,0.48332726407958226
1,9,9,0.8213525431524478
1,9,10,-0.06858866475865097
1,9,11,0.08606285246513862
1,9,12,-0.0016733153998718469
1,9,13,-0.13671508137777624
1,9,14,0.11831588798468072
1,9,15,0.3909613486703202
1,9,16,0.18130900313296539
1,9,17,0.16127814663097612
1,9,18,0.1046543397705848
1,9,19,0.4134648687965791
1,9,20,-0.18473670456176836
1,9,21,-0.009639631075501379
1,9,22,-0.12303038708337997
1,9,23,-0.22098475448963267
1,9,24,0.4771004051836336
1,9,25,0.5241807671767381
1,9,26,0.34057774094678467
1,9,27,0.25688937785489196
1,9,28,0.32731809359015
1,9,29,0.730876833781901
1,9,30,-1.6262527231439354e-32
1,9,31,1.6262527231439354e-32
1,10,0,0.7235984192764459
1,10,1,0.0496202797100727
1,10,2,0.7331472491063671
1,10,3,0.9060725443130846
1,10,4,0.18758871703387264
1,10,5,0.3540642820454623
1,10,6,0.5858879551314853
1,10,7,0.6345818150995366
1,10,8,0.14798644339698774
1,10,9,-0.06858866475865097
1,10,10,1.5878114052961256
1,10,11,0.2843372751029961
1,10,12,1.5698656578111079
1,10,13,1.665868164797599
1,10,14,0.3301181322857819
1,10,15,0.3804982681847703
1,10,16,0.35417752312154493
1,10,17,0.5040012445138731
1,10,18,0.4369690530257697
1,10,19,0.24190581354699364
1,10,20,0.7325023796815132
1,10,21,-0.16236444325747554
1,10,22,0.7422669413093033
1,10,23,0.9109226224037049
1,10,24,-0.18881847722445752
1,10,25,-0.014045487539049198
1,10,26,0.10712930125643975
1,10,27,0.24597775981438766
1,10,28,-0.2876856386190642
1,10,29,-0.2501836186611876
1,10,30,-6.667636164890136e-31
1,10,31,6.667636164890136e-31
1,11,0,0.05460752878700233
1,11,1,0.2370714431224077
1,11,2,0.06588466875533996
1,11,3,0.06781410103134769
1,11,4,0.10336240274795068
1,11,5,0.07891130351604297
1,11,6,0.12544077408654192
1,11,7,0.11137261960875273
1,11,8,0.1047740677470488
1,11,9,0.08606285246513862
1,11,10,0.2843372751029961
1,11,11,0.7643702074978549
1,11,12,0.360419291914345
1,11,13,0.21922874034382928
1,11,14,0.29084786938807694
1,11,15,0.290191063166095
1,11,16,0.20253055022521693
1,11,17,0.33097681861104283
1,11,18,0.35034156348226997
1,11,19,0.25533583223934925
1,11,20,-0.02836568251225919
1,11,21,0.2555373425966328
1,11,22,-0.0032368448724531805
1,11,23,-0.026555967578010427
1,11,24,-0.09306894596658795
1,11,25,-0.11093526984885342
1,11,26,-0.07762929576040171
1,11,27,-0.0747793773657693
1,11,28,-0.1777028244884385
1,11,29,-0.11496060217396753
1,11,30,8.131263615719678e-32
1,11,31,-8.131263615719678e-32
1,12,0,0.7258890582738825
1,12,1,0.06638974476956588
1,12,2,0.7465704961575677
1,12,3,0.9093993543467055
1,12,4,0.19767708602216227
1,12,5,0.43926676719817537
1,12,6,0.6375881462520469
1,12,7,0.6721822926851803
1,12,8,0.1806704141408086
1,12,9,-0.0016733153998718469
1,12,10,1.5698656578111079
1,12,11,0.360419291914345
1,12,12,1.6437941562675973
1,12,13,1.6604480435273763
1,12,14,0.3253514325682879
1,12,15,0.48187027078786043
1,12,16,0.40656358903557194
1,12,17,0.5990498800766063
1,12,18,0.5207190639486317
1,12,19,0.3079282086729773
1,12,20,0.7038265253229691
1,12,21,-0.1495042449800785
1,12,22,0.747186660263738
1,12,23,0.8754240661573159
1,12,24,-0.20783157141647216
1,12,25,0.0512170004503765
1,12,26,0.14356102168518997
1,12,27,0.2794079942835776
1,12,28,-0.26792746080844276
1,12,29,-0.21398362567763346
1,12,30,-1.7888779954583291e-31
1,12,31,1.7888779954583291e-31
1,13,0,0.8492355902014086
1,13,1,0.06583328330294456
1,13,2,0.8584664376003945
1,13,3,1.0817479160622154
1,13,4,0.17187128984496242
1,13,5,0.36062592221816586
1,13,6,0.6541173860346619
1,13,7,0.6939994178569047
1,13,8,0.10776129575549932
1,13,9,-0.13671508137777624
1,13,10,1.665868164797599
1,13,11,0.21922874034382928
1,13,12,1.6604480435273763
1,13,13,1.9061383807270451
1,13,14,0.29764542806537747
1,13,15,0.3499647394888812
1,13,16,0.3443654890289646
1,13,17,0.42345926591352556
1,13,18,0.36105828263654427
1,13,19,0.19910673425921402
1,13,20,0.8479379635640075
1,13,21,-0.1316841610044947
1,13,22,0.8577713740371401
1,13,23,1.0874417379838128
1,13,24,-0.18202570147538052
1,13,25,0.0057028407817284795
1,13,26,0.15364939178846046
1,13,27,0.291481257811495
1,13,28,-0.3095985533445938
1,13,29,-0.27521011286072994
1,13,30,-2.6020043570302967e-31
1,13,31,2.6020043570302967e-31
1,14,0,0.045181848436294254
1,14,1,0.002465979857157402
1,14,2,0.06090811590848869
1,14,3,0.06955628455369949
1,14,4,0.24695308168277064
1,14,5,0.1577695238026508
1,14,6,0.2305041598804791
1,14,7,0.17114651209288737
1,14,8,0.1175692144118797
1,14,9,0.11831588798468072
1,14,10,0.3301181322857819
1,14,11,0.29084786938807694
1,14,12,0.3253514325682879
1,14,13,0.29764542806537747
1,14,14,0.6101969900255036
1,14,15,0.26642482982931914
1,14,16,0.2559083396041376
1,14,17,0.31070127653800683
1,14,18,0.2930832452913017
1,14,19,0.20744877279382373
1,14,20,-0.03484929948690359
1,14,21,-0.07636849890248205
1,14,22,-0.015341348722648392
1,14,23,-0.033173307177185016
1,14,24,0.1965302883034993
1,14,25,-0.02271214689725144
1,14,26,0.03342234276379152
1,14,27,0.03355328950877651
1,14,28,-0.16279116042352945
1,14,29,-0.036836665517030145
1,14,30,2.2360974943229114e-32
1,14,31,-2.2360974943229114e-32
1,15,0,0.18534188287978356
1,15,1,0.0784972092280712
1,15,2,0.23244032465654443
1,15,3,0.20234136861827287
1,15,4,0.27210459605404
1,15,5,0.6273607616902547
1,15,6,0.5192427743196526
1,15,7,0.42077677656427737
1,15,8,0.3997662791826521
1,15,9,0.3909613486703202
1,15,10,0.3804982681847703
1,15,11,0.290191063166095
1,15,12,0.48187027078786043
1,15,13,0.3499647394888812
1,15,14,0.26642482982931914
1,15,15,0.7622411650051528
1,15,16,0.4368739202849495
1,15,17,0.4855841387516527
1,15,18,0.4321857613656469
1,15,19,0.48807468603511
1,15,20,0.13714724991723487
1,15,21,-0.023538602530415415
1,15,22,0.2098332229927274
1,15,23,0.1422153954404538
1,15,24,0.08731522200970085
1,15,25,0.5155983672981558
1,15,26,0.3593809357848795
1,15,27,0.29361082009363293
1,15,28,0.16022207280488052
1,15,29,0.34613283906752984
1,15,30,-2.9856983588970694e-32
1,15,31,2.9856983588970694e-32
1,16,0,0.188327830997063
1,16,1,0.03875575088893681
1,16,2,0.21552854896037316
1,16,3,0.21531603309872613
1,16,4,0.19387476023485642
1,16,5,0.36636730193479583
1,16,6,0.422844719098651
1,16,7,0.3237050313927142
1,16,8,0.24777782528494705
1,16,9,0.18130900313296539
1,16,10,0.35417752312154493
1,16,11,0.20253055022521693
1,16,12,0.40656358903557194
1,16,13,0.3443654890289646
1,16,14,0.2559083396041376
1,16,15,0.4368739202849495
1,16,16,0.37603423006219977
1,16,17,0.3702944826457727
1,16,18,0.3158176235798827
1,16,19,0.26852712495558645
1,16,20,0.12717552133822096
1,16,21,-0.053646770107270855
1,16,22,0.1699035382067861
1,16,23,0.14053775902436927
1,16,24,0.044747902826827626
1,16,25,0.22128377152144463
1,16,26,0.28554670568711626
1,16,27,0.19049351131690367
1,16,28,0.027818365151420357
1,16,29,0.09723325403912834
1,16,30,-3.252505446287871e-32
1,16,31,3.252505446287871e-32
1,17,0,0.21428989117802358
1,17,1,0.014102677710998211
1,17,2,0.23854743788951338
1,17,3,0.24017467116816074
1,17,4,0.14807225255570966
1,17,5,0.3463852876946779
1,17,6,0.3517716430142337
1,17,7,0.34501888093276095
1,17,8,0.23858639570078718
1,17,9,0.16127814663097612
1,17,10,0.5040012445138731
1,17,11,0.33097681861104283
1,17,12,0.5990498800766063
1,17,13,0.42345926591352556
1,17,14,0.31070127653800683
1,17,15,0.4855841387516527
1,17,16,0.3702944826457727
1,17,17,0.7112036857148728
1,17,18,0.42399413333170466
1,17,19,0.34175918388156923
1,17,20,0.1439366515907455
1,17,21,-0.13245187162638897
1,17,22,0.19135919468780643
1,17,23,0.15794118156471737
1,17,24,-0.06300720763054722
1,17,25,0.1268966372343824
1,17,26,0.13873735828693093
1,17,27,0.23495365578447183
1,17,28,-0.08377078131269473
1,17,29,0.004003253050770196
1,17,30,4.065631807859839e-31
1,17,31,-4.065631807859839e-31
1,18,0,0.12008505906314423
1,18,1,-0.05725912412446307
1,18,2,0.1371768713685704
1,18,3,0.13070909665794725
1,18,4,0.1120752107845909
1,18,5,0.25850917485882513
1,18,6,0.24872324849361202
1,18,7,0.2279738917387761
1,18,8,0.4063352470538589
1,18,9,0.1046543397705848
1,18,10,0.4369690530257697
1,18,11,0.35034156348226997
1,18,12,0.5207190639486317
1,18,13,0.36105828263654427
1,18,14,0.2930832452913017
1,18,15,0.4321857613656469
1,18,16,0.3158176235798827
1,18,17,0.4239941333317046
1,18,18,0.9269379839619055
1,18,19,0.2620391014320412
1,18,20,0.021809920367310096
1,18,21,-0.14413772151334564
1,18,22,0.06173711733899336
1,18,23,-0.0038852548001835946
1,18,24,-0.14137152481338996
1,18,25,0.07315882688235213
1,18,26,0.05502983101630853
1,18,27,0.0715423411092707
1,18,28,0.37341649779350217
1,18,29,-0.06484012403259931
1,18,30,1.2196895423579516e-32
1,18,31,-1.2196895423579516e-32
1,19,0,0.05687710498537459
1,19,1,0.022411549312928655
1,19,2,0.09306113615029447
1,19,3,0.05975929271542469
1,19,4,0.25473502642120727
1,19,5,0.4390773369703686
1,19,6,0.33279101816535017
1,19,7,0.27234059558089707
1,19,8,0.30390012584906423
1,19,9,0.4134648687965791
1,19,10,0.24190581354699364
1,19,11,0.25533583223934925
1,19,12,0.3079282086729773
1,19,13,0.19910673425921402
1,19,14,0.20744877279382373
1,19,15,0.48807468603511
1,19,16,0.26852712495558645
1,19,17,0.34175918388156923
1,19,18,0.2620391014320412
1,19,19,0.45994771637866383
1,19,20,0.02202410927572517
1,19,21,-0.03962576370955539
1,19,22,0.06706714307041362
1,19,23,0.013752216386491992
1,19,24,0.11162549391232367
1,19,25,0.3033302713592837
1,19,26,0.19868795348581964
1,19,27,0.1676561759992644
1,19,28,0.058476840064409535
1,19,29,0.3663150426147032
1,19,30,-1.7278935183404315e-32
1,19,31,1.7278935183404315e-32
1,20,0,0.7142806328778467
1,20,1,0.10398746914236916
1,20,2,0.7081020822630816
1,20,3,0.8316935547121309
1,20,4,0.010792756403584942
1,20,5,0.25994723796532754
1,20,6,0.4346648024248735
1,20,7,0.5286360337155868
1,20,8,0.021906204358895474
1,20,9,-0.18473670456176836
1,20,10,0.7325023796815132
1,20,11,-0.02836568251225919
1,20,12,0.7038265253229691
1,20,13,0.8479379635640075
1,20,14,-0.03484929948690359
1,20,15,0.13714724991723487
1,20,16,0.12717552133822094
1,20,17,0.1439366515907455
1,20,18,0.021809920367310096
1,20,19,0.02202410927572517
1,20,20,0.7682792910253525
1,20,21,0.03649730335549365
1,20,22,0.7543332016167493
1,20,23,0.9079914706691935
1,20,24,-0.07803033523038021
1,20,25,0.12191791449616099
1,20,26,0.2081029606608842
1,20,27,0.33573967348294903
1,20,28,-0.05985225387292324
1,20,29,-0.12501508411238893
1,20,30,-1.1383769062007548e-31
1,20,31,1.1383769062007548e-31
1,21,0,-0.04420008004430281
1,21,1,0.651901526285153
1,21,2,-0.045275208473244115
1,21,3,-0.045983814610550997
1,21,4,-0.06548854181738041
1,21,5,-0.040374847696589604
1,21,6,-0.04212576274034776
1,21,7,-0.07811978530075633
1,21,8,-0.07524314866105454
1,21,9,-0.009639631075501379
1,21,10,-0.16236444325747554
1,21,11,0.2555373425966328
1,21,12,-0.1495042449800785
1,21,13,-0.1316841610044947
1,21,14,-0.07636849890248205
1,21,15,-0.023538602530415415
1,21,16,-0.053646770107270855
1,21,17,-0.13245187162638897
1,21,18,-0.14413772151334564
1,21,19,-0.03962576370955539
1,21,20,0.03649730335549365
1,21,21,0.7435747943356675
1,21,22,0.033833103252931776
1,21,23,0.058042410915483844
1,21,24,0.13015164191624898
1,21,25,0.10056149805215232
1,21,26,0.060492148282813345
1,21,27,0.0005153597100693414
1,21,28,0.0430540819658402
1,21,29,0.11364986657429255
1,21,30,-2.1141285400871164e-31
1,21,31,2.1141285400871164e-31
1,22,0,0.7098301084580507
1,22,1,0.10326656639794815
1,22,2,0.7123417600045859
1,22,3,0.828147758315658
1,22,4,0.05061026185978787
1,22,5,0.3390835982611193
1,22,6,0.4940796363384515
1,22,7,0.5695440396997351
1,22,8,0.0702184030645328
1,22,9,-0.12303038708337997
1,22,10,0.7422669413093033
1,22,11,-0.0032368448724531805
1,22,12,0.747186660263738
1,22,13,0.8577713740371401
1,22,14,-0.015341348722648392
1,22,15,0.2098332229927274
1,22,16,0.1699035382067861
1,22,17,0.19135919468780643
1,22,18,0.06173711733899336
1,22,19,0.06706714307041363
1,22,20,0.7543332016167493
1,22,21,0.033833103252931776
1,22,22,0.7626558354946623
1,22,23,0.8926984782910848
1,22,24,-0.055350378654618435
1,22,25,0.18747358842379133
1,22,26,0.2539004165519091
1,22,27,0.3691778807876926
1,22,28,-0.033888061054522106
1,22,29,-0.07665338319420319
1,22,30,-5.204008714060593e-31
1,22,31,5.204008714060593e-31
1,23,0,0.8304331876456673
1,23,1,0.12767256994609918
1,23,2,0.8240218450170387
1,23,3,0.9877751620775519
1,23,4,0.019681768807417108
1,23,5,0.2856263873963846
1,23,6,0.5042338244194182
1,23,7,0.6087327808178936
1,23,8,0.004138515018307352
1,23,9,-0.22098475448963267
1,23,10,0.9109226224037049
1,23,11,-0.026555967578010427
1,23,12,0.8754240661573159
1,23,13,1.0874417379838128
1,23,14,-0.033173307177185016
1,23,15,0.1422153954404538
1,23,16,0.14053775902436927
1,23,17,0.15794118156471737
1,23,18,-0.0038852548001835946
1,23,19,0.013752216386491992
1,23,20,0.9079914706691935
1,23,21,0.058042410915483844
1,23,22,0.8926984782910848
1,23,23,1.1048550672113007
1,23,24,-0.07993360111177267
1,23,25,0.12397015163711855
1,23,26,0.23371709083673403
1,23,27,0.38235661342822247
1,23,28,-0.10562153968847823
1,23,29,-0.1577849558742159
1,23,30,-1.463627450829542e-31
1,23,31,1.463627450829542e-31
1,24,0,-0.19031567090316848
1,24,1,-0.01587563761632953
1,24,2,-0.1573534191744419
1,24,3,-0.20454880703082856
1,24,4,0.5326972810397089
1,24,5,0.3451167901722572
1,24,6,0.2628922967365853
1,24,7,0.16809130718928783
1,24,8,0.255480491376853
1,24,9,0.4771004051836336
1,24,10,-0.18881847722445752
1,24,11,-0.09306894596658795
1,24,12,-0.20783157141647216
1,24,13,-0.18202570147538052
1,24,14,0.1965302883034993
1,24,15,0.08731522200970085
1,24,16,0.044747902826827626
1,24,17,-0.06300720763054722
1,24,18,-0.14137152481338994
1,24,19,0.11162549391232367
1,24,20,-0.07803033523038021
1,24,21,0.13015164191624898
1,24,22,-0.05535037865461842
1,24,23,-0.07993360111177267
1,24,24,0.7769717260859066
1,24,25,0.4008178491575515
1,24,26,0.3484131910388897
1,24,27,0.2723474805053353
1,24,28,0.28877686614378933
1,24,29,0.5466766359357962
1,24,30,-9.757516338863613e-32
1,24,31,9.757516338863613e-32
1,25,0,0.04983013228249684
1,25,1,0.05900922638208527
1,25,2,0.0996215104285108
1,25,3,0.045229467140143344
1,25,4,0.3494457407292992
1,25,5,0.6884529811878778
1,25,6,0.4732356944642759
1,25,7,0.3546159230905736
1,25,8,0.41127299191747446
1,25,9,0.5241807671767381
1,25,10,-0.01404548753904919
1,25,11,-0.11093526984885342
1,25,12,0.0512170004503765
1,25,13,0.0057028407817284795
1,25,14,-0.02271214689725144
1,25,15,0.5155983672981558
1,25,16,0.22128377152144463
1,25,17,0.1268966372343824
1,25,18,0.07315882688235213
1,25,19,0.3033302713592837
1,25,20,0.12191791449616099
1,25,21,0.10056149805215232
1,25,22,0.18747358842379133
1,25,23,0.12397015163711855
1,25,24,0.4008178491575515
1,25,25,0.8308692527191655
1,25,26,0.55366526232487
1,25,27,0.4339243979297219
1,25,28,0.4894372971674668
1,25,29,0.7178422578809801
1,25,30,2.4393790847159033e-32
1,25,31,-2.4393790847159033e-32
1,26,0,0.17451090938776062
1,26,1,0.044112141350388885
1,26,2,0.21202604106763528
1,26,3,0.1966013291876949
1,26,4,0.3337349190931921
1,26,5,0.537551615501974
1,26,6,0.5472882960112835
1,26,7,0.4120240541703359
1,26,8,0.3098067052425901
1,26,9,0.34057774094678467
1,26,10,0.10712930125643975
1,26,11,-0.07762929576040171
1,26,12,0.14356102168518997
1,26,13,0.15364939178846046
1,26,14,0.03342234276379152
1,26,15,0.3593809357848795
1,26,16,0.28554670568711626
1,26,17,0.13873735828693093
1,26,18,0.05502983101630853
1,26,19,0.19868795348581964
1,26,20,0.2081029606608842
1,26,21,0.060492148282813345
1,26,22,0.2539004165519091
1,26,23,0.23371709083673403
1,26,24,0.3484131910388897
1,26,25,0.55366526232487
1,26,26,0.5770364347191032
1,26,27,0.4035303691674172
1,26,28,0.3083467320551597
1,26,29,0.4460657915889797
1,26,30,-1.3010021785151483e-31
1,26,31,1.3010021785151483e-31
1,27,0,0.2976468828521728
1,27,1,-0.006101486732656858
1,27,2,0.32458021382591035
1,27,3,0.3402349043586928
1,27,4,0.3018850270097351
1,27,5,0.49052299722543136
1,27,6,0.48731861710815755
1,27,7,0.49507378497413984
1,27,8,0.2918545778245516
1,27,9,0.25688937785489196
1,27,10,0.24597775981438766
1,27,11,-0.0747793773657693
1,27,12,0.2794079942835776
1,27,13,0.291481257811495
1,27,14,0.03355328950877651
1,27,15,0.29361082009363293
1,27,16,0.19049351131690367
1,27,17,0.23495365578447183
1,27,18,0.07154234110927069
1,27,19,0.1676561759992644
1,27,20,0.33573967348294903
1,27,21,0.0005153597100693414
1,27,22,0.3691778807876926
1,27,23,0.38235661342822247
1,27,24,0.2723474805053353
1,27,25,0.4339243979297219
1,27,26,0.4035303691674172
1,27,27,0.4897374147102719
1,27,28,0.24540089348714322
1,27,29,0.3136366127865487
1,27,30,-3.0898801739734775e-31
1,27,31,3.0898801739734775e-31
1,28,0,-0.154611235526992
1,28,1,-0.09740828856841798
1,28,2,-0.1324166642698029
1,28,3,-0.20693700464713768
1,28,4,0.2012568135312465
1,28,5,0.32739154685612026
1,28,6,0.14041450124514232
1,28,7,0.08350907736542813
1,28,8,0.6127514828324221
1,28,9,0.32731809359015
1,28,10,-0.2876856386190642
1,28,11,-0.1777028244884385
1,28,12,-0.26792746080844276
1,28,13,-0.3095985533445938
1,28,14,-0.16279116042352945
1,28,15,0.16022207280488052
1,28,16,0.027818365151420357
1,28,17,-0.08377078131269473
1,28,18,0.37341649779350217
1,28,19,0.058476840064409535
1,28,20,-0.05985225387292324
1,28,21,0.0430540819658402
1,28,22,-0.033888061054522106
1,28,23,-0.10562153968847826
1,28,24,0.28877686614378933
1,28,25,0.4894372971674668
1,28,26,0.3083467320551597
1,28,27,0.24540089348714322
1,28,28,1.0437711080860634
1,28,29,0.47283859924482463
1,28,30,-4.878758169431807e-31
1,28,31,4.878758169431807e-31
1,29,0,-0.23287658520380283
1,29,1,0.0047089661864694946
1,29,2,-0.18320199240828308
1,29,3,-0.27308620645288895
1,29,4,0.42216713455662735
1,29,5,0.5686351846594477
1,29,6,0.284161334956966
1,29,7,0.15804325124867222
1,29,8,0.40385793959032895
1,29,9,0.730876833781901
1,29,10,-0.2501836186611876
1,29,11,-0.11496060217396753
1,29,12,-0.21398362567763346
1,29,13,-0.27521011286072994
1,29,14,-0.036836665517030145
1,29,15,0.34613283906752984
1,29,16,0.09723325403912834
1,29,17,0.004003253050770196
1,29,18,-0.06484012403259931
1,29,19,0.3663150426147032
1,29,20,-0.12501508411238893
1,29,21,0.11364986657429255
1,29,22,-0.07665338319420319
1,29,23,-0.1577849558742159
1,29,24,0.5466766359357962
1,29,25,0.7178422578809801
1,29,26,0.4460657915889797
1,29,27,0.3136366127865487
1,29,28,0.47283859924482463
1,29,29,0.9419987422404011
1,29,30,-2.927254901659084e-31
1,29,31,2.927254901659084e-31
1,30,0,-1.9515032677727226e-31
1,30,1,-6.911574073361726e-32
1,30,2,-2.1141285400871164e-31
1,30,3,-6.830261437204529e-31
1,30,4,-8.131263615719678e-32
1,30,5,6.505010892575742e-32
1,30,6,-4.8787581694318066e-32
1,30,7,-2.7646296293446904e-31
1,30,8,-4.8787581694318066e-32
1,30,9,-1.6262527231439354e-32
1,30,10,-6.667636164890136e-31
1,30,11,8.131263615719678e-32
1,30,12,-1.7888779954583291e-31
1,30,13,-2.6020043570302967e-31
1,30,14,2.2360974943229114e-32
1,30,15,-3.798824720469037e-32
1,30,16,-3.252505446287871e-32
1,30,17,4.065631807859839e-31
1,30,18,1.2196895423579516e-32
1,30,19,-1.7278935183404315e-32
1,30,20,-1.1383769062007548e-31
1,30,21,-2.1141285400871164e-31
1,30,22,-5.204008714060593e-31
1,30,23,-1.463627450829542e-31
1,30,24,-9.757516338863613e-32
1,30,25,2.4393790847159033e-32
1,30,26,-1.3010021785151483e-31
1,30,27,-3.0898801739734775e-31
1,30,28,-4.878758169431807e-31
1,30,29,-2.927254901659084e-31
1,30,30,1e-06
1,30,31,-2.415886522239348e-30
1,31,0,1.9515032677727226e-31
1,31,1,6.911574073361726e-32
1,31,2,2.1141285400871164e-31
1,31,3,6.830261437204529e-31
1,31,4,8.131263615719678e-32
1,31,5,-6.505010892575742e-32
1,31,6,4.8787581694318066e-32
1,31,7,2.7646296293446904e-31
1,31,8,4.8787581694318066e-32
1,31,9,1.6262527231439354e-32
1,31,10,6.667636164890136e-31
1,31,11,-8.131263615719678e-32
1,31,12,1.7888779954583291e-31
1,31,13,2.6020043570302967e-31
1,31,14,-2.2360974943229114e-32
1,31,15,3.798824720469037e-32
1,31,16,3.252505446287871e-32
1,31,17,-4.065631807859839e-31
1,31,18,-1.2196895423579516e-32
1,31,19,1.7278935183404315e-32
1,31,20,1.1383769062007548e-31
1,31,21,2.1141285400871164e-31
1,31,22,5.204008714060593e-31
1,31,23,1.463627450829542e-31
1,31,24,9.757516338863613e-32
1,31,25,-2.4393790847159033e-32
1,31,26,1.3010021785151483e-31
1,31,27,3.0898801739734775e-31
1,31,28,4.878758169431807e-31
1,31,29,2.927254901659084e-31
1,31,30,-2.415886522239348e-30
1,31,31,1e-06
2,0,0,0.23925736398804553
2,0,1,-0.022629963558476688
2,0,2,0.22976092637770246
2,0,3,0.1810769626335618
2,0,4,-0.07217860751261868
2,0,5,0.04159708275133307
2,0,6,0.05228964881397164
2,0,7,0.09071357942987242
2,0,8,-0.08564777472941976
2,0,9,-0.19906216819401037
2,0,10,-0.0057360694373509566
2,0,11,-0.16752833962483324
2,0,12,-0.0017021350166033446
2,0,13,0.028523057079866236
2,0,14,-0.2499588702175187
2,0,15,-0.0066430384180700235
2,0,16,0.014263867080453553
2,0,17,0.058142370918429394
2,0,18,-0.18016072773356856
2,0,19,-0.08384216407297883
2,0,20,0.18928487727823323
2,0,21,-0.022260126290927468
2,0,22,0.1825172542964848
2,0,23,0.13300463874050486
2,0,24,-0.11108281648308765
2,0,25,0.05230225670087616
2,0,26,0.06987350246396197
2,0,27,0.12619942950887886
2,0,28,-0.0487442846788797
2,0,29,-0.08127146617092794
2,0,30,-1.67841883487159e-31
2,0,31,1.67841883487159e-31
2,1,0,-0.022629963558476688
2,1,1,0.8864385704479149
2,1,2,-0.02288605405746507
2,1,3,-0.018803041518604974
2,1,4,-0.1812202513860713
2,1,5,-0.024068354013161476
2,1,6,-0.008565789039479322
2,1,7,-0.05019984802206495
2,1,8,-0.05794821173494475
2,1,9,-0.05782083516526243
2,1,10,0.05111348024180873
2,1,11,0.51258598791433
2,1,12,0.05057971017410062
2,1,13,0.020126836460653275
2,1,14,0.05813801448647439
2,1,15,0.04193396995468182
2,1,16,0.028563317881147347
2,1,17,-0.014710004743235137
2,1,18,0.062484629346350753
2,1,19,0.028013280230881746
2,1,20,-0.01403717238827573
2,1,21,0.7837286604896451
2,1,22,-0.01459617166216826
2,1,23,-0.011045111904856058
2,1,24,-0.1355730122490625
2,1,25,-0.012228232475445343
2,1,26,-0.011068692066878725
2,1,27,-0.054696878596164546
2,1,28,-0.06847317910958255
2,1,29,-0.04240798266938015
2,1,30,5.754578862416879e-32
2,1,31,-5.754578862416879e-32
2,2,0,0.22976092637770246
2,2,1,-0.02288605405746507
2,2,2,0.22156224633398192
2,2,3,0.1736681173038766
2,2,4,-0.05393115132728586
2,2,5,0.05413908563840206
2,2,6,0.05774814899756965
2,2,7,0.09397983311751938
2,2,8,-0.07512826796839049
2,2,9,-0.17850651450495467
2,2,10,-0.004632244361942001
2,2,11,-0.16237580673350016
2,2,12,0.0006720207559465652
2,2,13,0.027667389862695353
2,2,14,-0.23550219831612437
2,2,15,0.006144398413431857
2,2,16,0.023422485866676782
2,2,17,0.06786708966813386
2,2,18,-0.1717580952573669
2,2,19,-0.07181706927801407
2,2,20,0.18200967216439076
2,2,21,-0.02219167951979223
2,2,22,0.17666524349378765
2,2,23,0.1277207047461996
2,2,24,-0.09481175346540355
2,2,25,0.06189560339622097
2,2,26,0.07665373133595475
2,2,27,0.13063728115710613
2,2,28,-0.042228984389156954
2,2,29,-0.06725406547832949
2,2,30,-7.576862168848891e-31
2,2,31,7.576862168848891e-31
2,3,0,0.1810769626335618
2,3,1,-0.018803041518604974
2,3,2,0.1736681173038766
2,3,3,0.13859484133649086
2,3,4,-0.06156529535224466
2,3,5,0.027540171592614338
2,3,6,0.038262587741804306
2,3,7,0.06704430969343837
2,3,8,-0.06679708709106405
2,3,9,-0.15223358209987284
2,3,10,-0.00222581476096785
2,3,11,-0.1255729811410327
2,3,12,0.00036046839049985204
2,3,13,0.022633549284083253
2,3,14,-0.18699807276911676
2,3,15,-0.007918120616650808
2,3,16,0.008369750520114839
2,3,17,0.038763750010738875
2,3,18,-0.1347891614713153
2,3,19,-0.06466681089809573
2,3,20,0.1436350137565684
2,3,21,-0.018678883649853605
2,3,22,0.13829600187602056
2,3,23,0.10201081273184197
2,3,24,-0.08824163232679809
2,3,25,0.03642797247896965
2,3,26,0.05081930076975017
2,3,27,0.09244904039404445
2,3,28,-0.03858177503869271
2,3,29,-0.06355508011951273
2,3,30,-1.1125519134005967e-30
2,3,31,1.1125519134005967e-30
2,4,0,-0.07217860751261866
2,4,1,-0.1812202513860713
2,4,2,-0.05393115132728587
2,4,3,-0.06156529535224466
2,4,4,0.8539659967274192
2,4,5,0.2896267186522387
2,4,6,0.08514147827124889
2,4,7,0.16149355001621932
2,4,8,0.3551799281100036
2,4,9,0.41111808855992277
2,4,10,0.0647092958727857
2,4,11,0.04233434687596869
2,4,12,0.05764937615188556
2,4,13,0.016821772166891954
2,4,14,0.37656642943714724
2,4,15,0.10065888576790123
2,4,16,0.05499740680940469
2,4,17,0.23555403022223811
2,4,18,0.1377452160217152
2,4,19,0.14938320225003052
2,4,20,-0.05421178996966984
2,4,21,-0.15735626142973788
2,4,22,-0.04345919770920116
2,4,23,-0.04407858402921542
2,4,24,0.6215649106007676
2,4,25,0.11325466954718469
2,4,26,0.05268309003631487
2,4,27,0.1469537632225465
2,4,28,0.15096716657812745
2,4,29,0.2064141985214997
2,4,30,-4.603663089933503e-31
2,4,31,4.603663089933503e-31
2,5,0,0.04159708275133307
2,5,1,-0.024068354013161476
2,5,2,0.05413908563840206
2,5,3,0.027540171592614338
2,5,4,0.2896267186522387
2,5,5,0.2517968219740677
2,5,6,0.12193314713749583
2,5,7,0.13042054614396864
2,5,8,0.12859457398509375
2,5,9,0.19625082079194897
2,5,10,0.023122030906542013
2,5,11,-0.04370609942912424
2,5,12,0.04116890162332054
2,5,13,0.013043185831918044
2,5,14,0.05673352095525991
2,5,15,0.19268259384603614
2,5,16,0.1448489780870373
2,5,17,0.20780203943824976
2,5,18,-0.00418410999759364
2,5,19,0.1332810188953595
2,5,20,0.037269144650087314
2,5,21,-0.021546699367210938
2,5,22,0.0523655845763984
2,5,23,0.022844462352178147
2,5,24,0.20756512841682148
2,5,25,0.19252882892319909
2,5,26,0.14885855851897273
2,5,27,0.1728022221251488
2,5,28,0.06992870788576036
2,5,29,0.16870539657709585
2,5,30,-6.330036748658567e-31
2,5,31,6.330036748658567e-31
2,6,0,0.05228964881397164
2,6,1,-0.00856578903947932
2,6,2,0.05774814899756965
2,6,3,0.038262587741804306
2,6,4,0.08514147827124886
2,6,5,0.12193314713749583
2,6,6,0.10636842369995589
2,6,7,0.09450640352581369
2,6,8,0.021312255582805768
2,6,9,0.046433125118962984
2,6,10,0.008779689353476049
2,6,11,-0.02400038793373678
2,6,12,0.02223953928329755
2,6,13,0.010280823495859353
2,6,14,-0.0050228649465230025
2,6,15,0.12290717281441359
2,6,16,0.1311398741813447
2,6,17,0.15571753543629396
2,6,18,-0.034407204985667114
2,6,19,0.06273446858937919
2,6,20,0.04277346231415489
2,6,21,-0.0006634020606283454
2,6,22,0.05112959362371983
2,6,23,0.029019133542092703
2,6,24,0.06634583682518741
2,6,25,0.11373824566186977
2,6,26,0.13386148027007622
2,6,27,0.1278262366502789
2,6,28,0.009486134295368097
2,6,29,0.06820009569447151
2,6,30,-5.4218922719334035e-31
2,6,31,5.4218922719334035e-31
2,7,0,0.09071357942987242
2,7,1,-0.05019984802206495
2,7,2,0.09397983311751938
2,7,3,0.06704430969343837
2,7,4,0.16149355001621932
2,7,5,0.13042054614396864
2,7,6,0.09450640352581369
2,7,7,0.1356780515806132
2,7,8,0.04859273031732479
2,7,9,0.030466810994880373
2,7,10,0.024076908888778656
2,7,11,-0.05127903501623233
2,7,12,0.031503391048605396
2,7,13,0.02183456160202765
2,7,14,-0.0056609471109086386
2,7,15,0.08098070707615818
2,7,16,0.07846955697891309
2,7,17,0.18020554290996943
2,7,18,-0.05091024090267251
2,7,19,0.035935686519561874
2,7,20,0.07272628580350611
2,7,21,-0.04286105349551734
2,7,22,0.07718281172708537
2,7,23,0.049547077477543555
2,7,24,0.09950495753398299
2,7,25,0.09313070662651071
2,7,26,0.09752341991158331
2,7,27,0.15862643490927342
2,7,28,0.006771793848788317
2,7,29,0.04166148000894004
2,7,30,-5.3349741536989825e-31
2,7,31,5.3349741536989825e-31
2,8,0,-0.08564777472941976
2,8,1,-0.05794821173494475
2,8,2,-0.07512826796839049
2,8,3,-0.06679708709106405
2,8,4,0.3551799281100036
2,8,5,0.12859457398509375
2,8,6,0.021312255582805775
2,8,7,0.04859273031732479
2,8,8,0.7352030156103817
2,8,9,0.20769330618774767
2,8,10,0.08692361544777148
2,8,11,0.07341398663032779
2,8,12,0.07989694701979667
2,8,13,0.02313070226515917
2,8,14,0.2247262805177525
2,8,15,0.0667664928212847
2,8,16,0.01676811014728355
2,8,17,0.10147706132042866
2,8,18,0.2791582271415959
2,8,19,0.09488722084450582
2,8,20,-0.06524508384268407
2,8,21,-0.07388467255678029
2,8,22,-0.05689295399268335
2,8,23,-0.04862348228675202
2,8,24,0.21857217245980806
2,8,25,0.04050307216237869
2,8,26,-0.0013528302639371419
2,8,27,0.025349342863600032
2,8,28,0.357935383061507
2,8,29,0.07814963049061313
2,8,30,-4.507753442226556e-31
2,8,31,4.507753442226556e-31
2,9,0,-0.19906216819401037
2,9,1,-0.05782083516526243
2,9,2,-0.17850651450495467
2,9,3,-0.15223358209987284
2,9,4,0.41111808855992277
2,9,5,0.19625082079194897
2,9,6,0.046433125118962984
2,9,7,0.030466810994880376
2,9,8,0.20769330618774767
2,9,9,0.5247315129527688
2,9,10,0.021859636955065986
2,9,11,0.10737520960162403
2,9,12,0.03119361190953733
2,9,13,-0.020527365412261443
2,9,14,0.35269243295278213
2,9,15,0.16479242278042483
2,9,16,0.08976814681644996
2,9,17,0.11960255515614236
2,9,18,0.20057707418045362
2,9,19,0.26771501738664905
2,9,20,-0.15857993100402937
2,9,21,-0.06630312351302087
2,9,22,-0.13954691939448113
2,9,23,-0.11338900187955013
2,9,24,0.3485608378939484
2,9,25,0.11010238901958978
2,9,26,0.03946118011564461
2,9,27,0.020671794159151657
2,9,28,0.10612418926130204
2,9,29,0.32059442564497725
2,9,30,-1.7143849527616953e-31
2,9,31,1.7143849527616953e-31
2,10,0,-0.0057360694373509566
2,10,1,0.05111348024180873
2,10,2,-0.004632244361942005
2,10,3,-0.0022258147609678525
2,10,4,0.0647092958727857
2,10,5,0.023122030906542013
2,10,6,0.008779689353476049
2,10,7,0.024076908888778656
2,10,8,0.08692361544777148
2,10,9,0.021859636955065986
2,10,10,0.13571747988946248
2,10,11,0.15785518036601737
2,10,12,0.12264315739685834
2,10,13,0.05889062905961798
2,10,14,0.11148921173586598
2,10,15,0.03388261535567038
2,10,16,0.012517562393243519
2,10,17,0.07363279361793805
2,10,18,0.11842109175108857
2,10,19,0.048620998160868706
2,10,20,0.00639547822979813
2,10,21,0.018950097263836504
2,10,22,0.004390721398086532
2,10,23,0.0050546219347784175
2,10,24,-0.014911505230833672
2,10,25,-0.024730361333137857
2,10,26,-0.030921826821446924
2,10,27,-0.016223380293656206
2,10,28,-0.026087825580245493
2,10,29,-0.032310996435182635
2,10,30,-5.51480474314951e-31
2,10,31,5.51480474314951e-31
2,11,0,-0.16752833962483324
2,11,1,0.51258598791433
2,11,2,-0.16237580673350016
2,11,3,-0.12557298114103269
2,11,4,0.04233434687596869
2,11,5,-0.04370609942912424
2,11,6,-0.02400038793373678
2,11,7,-0.05127903501623233
2,11,8,0.07341398663032779
2,11,9,0.10737520960162403
2,11,10,0.15785518036601737
2,11,11,1.1607972784754135
2,11,12,0.13936402752735605
2,11,13,0.04907204418206675
2,11,14,0.4245205877517988
2,11,15,0.07313003982671815
2,11,16,0.026744264818797728
2,11,17,0.06663229789813839
2,11,18,0.37932491382898165
2,11,19,0.13699957133945856
2,11,20,-0.14469035533623892
2,11,21,0.5336489259667511
2,11,22,-0.14476673483191188
2,11,23,-0.10009154245421598
2,11,24,-0.07591734023699817
2,11,25,-0.12678025589109154
2,11,26,-0.11989320873209205
2,11,27,-0.17002445274049047
2,11,28,-0.15557440434789957
2,11,29,-0.07968423935310327
2,11,30,-5.27503062388214e-32
2,11,31,5.27503062388214e-32
2,12,0,-0.001702135016603342
2,12,1,0.05057971017410062
2,12,2,0.0006720207559465665
2,12,3,0.0003604683904998514
2,12,4,0.05764937615188556
2,12,5,0.04116890162332055
2,12,6,0.022239539283297548
2,12,7,0.031503391048605396
2,12,8,0.07989694701979667
2,12,9,0.031193611909537334
2,12,10,0.12264315739685834
2,12,11,0.13936402752735605
2,12,12,0.12188645559328133
2,12,13,0.05349624891962639
2,12,14,0.09306025472061412
2,12,15,0.06092473723254281
2,12,16,0.035745789486253815
2,12,17,0.09336341426075666
2,12,18,0.11167892354397087
2,12,19,0.059782285885565445
2,12,20,0.008209277654311013
2,12,21,0.020879806327259155
2,12,22,0.011096903352874785
2,12,23,0.006121033923299189
2,12,24,-0.01757213327816422
2,12,25,0.0022566706545164667
2,12,26,-0.007283839745773961
2,12,27,0.0033430305637850567
2,12,28,-0.018348362976553907
2,12,29,-0.013739219761400641
2,12,30,-9.90267112574238e-31
2,12,31,9.90267112574238e-31
2,13,0,0.028523057079866236
2,13,1,0.020126836460653275
2,13,2,0.027667389862695353
2,13,3,0.022633549284083253
2,13,4,0.016821772166891954
2,13,5,0.01304318583191804
2,13,6,0.010280823495859353
2,13,7,0.02183456160202765
2,13,8,0.02313070226515917
2,13,9,-0.020527365412261443
2,13,10,0.05889062905961798
2,13,11,0.04907204418206675
2,13,12,0.05349624891962639
2,13,13,0.030770618257367655
2,13,14,0.014285767144271683
2,13,15,0.012830600415610335
2,13,16,0.007445622825011229
2,13,17,0.03946732691163155
2,13,18,0.025678084645352525
2,13,19,0.008354756972839368
2,13,20,0.02761058060447891
2,13,21,0.006413939105148697
2,13,22,0.02572913263899169
2,13,23,0.02001452933904621
2,13,24,-0.023045541244761394
2,13,25,-0.005597167698367423
2,13,26,-0.004870052880136736
2,13,27,0.008260911138077927
2,13,28,-0.021540310271687964
2,13,29,-0.027548244828643424
2,13,30,-5.790544980306985e-31
2,13,31,5.790544980306985e-31
2,14,0,-0.2499588702175187
2,14,1,0.05813801448647439
2,14,2,-0.23550219831612437
2,14,3,-0.18699807276911676
2,14,4,0.37656642943714724
2,14,5,0.05673352095525991
2,14,6,-0.005022864946523001
2,14,7,-0.0056609471109086386
2,14,8,0.22472628051775254
2,14,9,0.35269243295278213
2,14,10,0.11148921173586596
2,14,11,0.4245205877517988
2,14,12,0.09306025472061412
2,14,13,0.014285767144271683
2,14,14,0.8755307809686872
2,14,15,0.1137608024742773
2,14,16,0.02804422706162806
2,14,17,0.13435913468643096
2,14,18,0.4025927590354424
2,14,19,0.2508840583381147
2,14,20,-0.2068347455718576
2,14,21,0.015023635213385442
2,14,22,-0.19999886865994457
2,14,23,-0.14434612766962707
2,14,24,0.39733670539664
2,14,25,-0.05866214135337642
2,14,26,-0.092052701918663
2,14,27,-0.09852578554481968
2,14,28,0.0077672343713071764
2,14,29,0.1140371381618569
2,14,30,-1.726373658725064e-31
2,14,31,1.726373658725064e-31
2,15,0,-0.006643038418070026
2,15,1,0.041933969954681814
2,15,2,0.006144398413431856
2,15,3,-0.007918120616650808
2,15,4,0.10065888576790123
2,15,5,0.19268259384603614
2,15,6,0.12290717281441356
2,15,7,0.08098070707615818
2,15,8,0.0667664928212847
2,15,9,0.16479242278042483
2,15,10,0.03388261535567038
2,15,11,0.07313003982671815
2,15,12,0.060924737232542825
2,15,13,0.012830600415610335
2,15,14,0.1137608024742773
2,15,15,0.30407719031482333
2,15,16,0.22170236288596945
2,15,17,0.24332993259307928
2,15,18,0.07204003889171769
2,15,19,0.20972129970700926
2,15,20,-0.008178261038251216
2,15,21,0.026776501906393822
2,15,22,0.011236404152083905
2,15,23,-0.007830873863179618
2,15,24,0.06228870542009375
2,15,25,0.18809426211750455
2,15,26,0.15166559158218273
2,15,27,0.11711050219425721
2,15,28,0.010680711602118113
2,15,29,0.1577997216468336
2,15,30,-3.8843407321313937e-31
2,15,31,3.8843407321313937e-31
2,16,0,0.014263867080453553
2,16,1,0.028563317881147347
2,16,2,0.023422485866676782
2,16,3,0.008369750520114839
2,16,4,0.05499740680940469
2,16,5,0.1448489780870373
2,16,6,0.1311398741813447
2,16,7,0.07846955697891309
2,16,8,0.01676811014728355
2,16,9,0.08976814681644996
2,16,10,0.012517562393243514
2,16,11,0.026744264818797728
2,16,12,0.035745789486253815
2,16,13,0.007445622825011229
2,16,14,0.02804422706162806
2,16,15,0.22170236288596945
2,16,16,0.2325674099935267
2,16,17,0.22709519684419413
2,16,18,0.007352105543046941
2,16,19,0.1349157671998228
2,16,20,0.009823779956182508
2,16,21,0.027262152540074858
2,16,22,0.024141689246283515
2,16,23,0.005246771511712953
2,16,24,0.040404672933998645
2,16,25,0.14635418582171936
2,16,26,0.1728256553651623
2,16,27,0.12428375896751037
2,16,28,-0.002950285188052017
2,16,29,0.1055413594994108
2,16,30,-3.126055079948336e-31
2,16,31,3.126055079948336e-31
2,17,0,0.058142370918429394
2,17,1,-0.014710004743235144
2,17,2,0.06786708966813386
2,17,3,0.038763750010738875
2,17,4,0.23555403022223811
2,17,5,0.20780203943824976
2,17,6,0.15571753543629396
2,17,7,0.18020554290996943
2,17,8,0.10147706132042866
2,17,9,0.11960255515614236
2,17,10,0.07363279361793805
2,17,11,0.06663229789813839
2,17,12,0.09336341426075664
2,17,13,0.03946732691163155
2,17,14,0.13435913468643096
2,17,15,0.24332993259307925
2,17,16,0.22709519684419413
2,17,17,0.4637389329192107
2,17,18,0.04931987939250325
2,17,19,0.16230534344684036
2,17,20,0.03913457110343917
2,17,21,-0.03661973355165586
2,17,22,0.05193558180078549
2,17,23,0.023415053449087585
2,17,24,0.11665689054075647
2,17,25,0.1387155505606594
2,17,26,0.14586686965516435
2,17,27,0.22496983453750907
2,17,28,-0.03540752682111736
2,17,29,0.07835625656243955
2,17,30,-3.11706355047581e-31
2,17,31,3.11706355047581e-31
2,18,0,-0.18016072773356856
2,18,1,0.062484629346350753
2,18,2,-0.1717580952573669
2,18,3,-0.1347891614713153
2,18,4,0.1377452160217152
2,18,5,-0.004184109997593636
2,18,6,-0.03440720498566711
2,18,7,-0.05091024090267251
2,18,8,0.2791582271415959
2,18,9,0.20057707418045362
2,18,10,0.11842109175108857
2,18,11,0.37932491382898165
2,18,12,0.11167892354397087
2,18,13,0.025678084645352525
2,18,14,0.4025927590354424
2,18,15,0.07204003889171769
2,18,16,0.00735210554304694
2,18,17,0.04931987939250324
2,18,18,0.659395072439225
2,18,19,0.15297082028662617
2,18,20,-0.1583459124729527
2,18,21,-0.02890234608152283
2,18,22,-0.15204158283373204
2,18,23,-0.11027568954862194
2,18,24,0.0006744251698011601
2,18,25,-0.09529601063642382
2,18,26,-0.11840367435638163
2,18,27,-0.15518760650905117
2,18,28,0.157178110311263
2,18,29,-0.015157780845161005
2,18,30,-1.246825420190324e-31
2,18,31,1.246825420190324e-31
2,19,0,-0.08384216407297883
2,19,1,0.028013280230881746
2,19,2,-0.07181706927801407
2,19,3,-0.06466681089809573
2,19,4,0.14938320225003052
2,19,5,0.1332810188953595
2,19,6,0.06273446858937919
2,19,7,0.035935686519561874
2,19,8,0.09488722084450582
2,19,9,0.26771501738664905
2,19,10,0.048620998160868706
2,19,11,0.1369995713394586
2,19,12,0.059782285885565445
2,19,13,0.008354756972839368
2,19,14,0.2508840583381147
2,19,15,0.20972129970700926
2,19,16,0.1349157671998228
2,19,17,0.16230534344684036
2,19,18,0.1529708202866262
2,19,19,0.2968549706442581
2,19,20,-0.0718994262396084
2,19,21,-0.005031127972062073
2,19,22,-0.05852652828936505
2,19,23,-0.05174289216662012
2,19,24,0.10298623961017825
2,19,25,0.09573408234766448
2,19,26,0.05447733832095253
2,19,27,0.026523501861557625
2,19,28,0.00023436463712729212
2,19,29,0.21698137488486657
2,19,30,-3.2009844922193892e-31
2,19,31,3.2009844922193892e-31
2,20,0,0.18928487727823323
2,20,1,-0.01403717238827573
2,20,2,0.18200967216439076
2,20,3,0.1436350137565684
2,20,4,-0.05421178996966984
2,20,5,0.037269144650087314
2,20,6,0.04277346231415489
2,20,7,0.07272628580350611
2,20,8,-0.06524508384268407
2,20,9,-0.1585799310040294
2,20,10,0.00639547822979813
2,20,11,-0.14469035533623892
2,20,12,0.008209277654311013
2,20,13,0.02761058060447891
2,20,14,-0.2068347455718576
2,20,15,-0.008178261038251216
2,20,16,0.009823779956182508
2,20,17,0.03913457110343916
2,20,18,-0.1583459124729527
2,20,19,-0.0718994262396084
2,20,20,0.15752936052096156
2,20,21,-0.0038185047956923305
2,20,22,0.15182051433315288
2,20,23,0.11079570074924082
2,20,24,-0.07075668716862805
2,20,25,0.050966441868719084
2,20,26,0.06352089660965059
2,20,27,0.10934028526288267
2,20,28,-0.02449115472442095
2,20,29,-0.05552723113665906
2,20,30,-5.658669214709932e-31
2,20,31,5.658669214709932e-31
2,21,0,-0.022260126290927468
2,21,1,0.7837286604896451
2,21,2,-0.022191679519792226
2,21,3,-0.018678883649853612
2,21,4,-0.15735626142973785
2,21,5,-0.021546699367210938
2,21,6,-0.0006634020606283495
2,21,7,-0.04286105349551734
2,21,8,-0.07388467255678029
2,21,9,-0.06630312351302087
2,21,10,0.018950097263836504
2,21,11,0.5336489259667511
2,21,12,0.020879806327259158
2,21,13,0.006413939105148697
2,21,14,0.015023635213385452
2,21,15,0.02677650190639382
2,21,16,0.027262152540074854
2,21,17,-0.03661973355165586
2,21,18,-0.028902346081522836
2,21,19,-0.005031127972062073
2,21,20,-0.003818504795692333
2,21,21,0.8184197209118724
2,21,22,-0.003678857392959916
2,21,23,-0.004319914322400759
2,21,24,-0.04876087919340171
2,21,25,0.01868484550310238
2,21,26,0.024554024800264713
2,21,27,-0.012374629506731833
2,21,28,-0.01947674990975975
2,21,29,-0.011514600283674221
2,21,30,-2.110012249552856e-31
2,21,31,2.110012249552856e-31
2,22,0,0.1825172542964848
2,22,1,-0.014596171662168258
2,22,2,0.17666524349378765
2,22,3,0.13829600187602056
2,22,4,-0.04345919770920117
2,22,5,0.0523655845763984
2,22,6,0.05112959362371983
2,22,7,0.07718281172708537
2,22,8,-0.05689295399268335
2,22,9,-0.13954691939448113
2,22,10,0.004390721398086532
2,22,11,-0.14476673483191188
2,22,12,0.011096903352874787
2,22,13,0.02572913263899169
2,22,14,-0.19999886865994457
2,22,15,0.011236404152083906
2,22,16,0.024141689246283515
2,22,17,0.05193558180078549
2,22,18,-0.15204158283373204
2,22,19,-0.05852652828936505
2,22,20,0.15182051433315288
2,22,21,-0.003678857392959916
2,22,22,0.14937697499218144
2,22,23,0.10667220351303125
2,22,24,-0.05961436275067488
2,22,25,0.06811533476654716
2,22,26,0.07676538280326155
2,22,27,0.11871695465245198
2,22,28,-0.015180475887040565
2,22,29,-0.03808664351234828
2,22,30,-3.4047924935966537e-31
2,22,31,3.4047924935966537e-31
2,23,0,0.13300463874050486
2,23,1,-0.011045111904856058
2,23,2,0.1277207047461996
2,23,3,0.10201081273184197
2,23,4,-0.04407858402921542
2,23,5,0.02284446235217815
2,23,6,0.029019133542092696
2,23,7,0.04954707747754357
2,23,8,-0.04862348228675202
2,23,9,-0.11338900187955013
2,23,10,0.005054621934778417
2,23,11,-0.10009154245421598
2,23,12,0.006121033923299191
2,23,13,0.02001452933904621
2,23,14,-0.14434612766962707
2,23,15,-0.007830873863179615
2,23,16,0.005246771511712954
2,23,17,0.023415053449087585
2,23,18,-0.11027568954862194
2,23,19,-0.05174289216662012
2,23,20,0.11079570074924082
2,23,21,-0.004319914322400759
2,23,22,0.10667220351303125
2,23,23,0.07886600822562871
2,23,24,-0.05401045886056793
2,23,25,0.03363219563778191
2,23,26,0.04342555137296854
2,23,27,0.07445686985678855
2,23,28,-0.019539907361522908
2,23,29,-0.040939565812220455
2,23,30,3.1650183743292836e-31
2,23,31,-3.1650183743292836e-31
2,24,0,-0.11108281648308765
2,24,1,-0.1355730122490625
2,24,2,-0.09481175346540355
2,24,3,-0.08824163232679809
2,24,4,0.6215649106007676
2,24,5,0.20756512841682148
2,24,6,0.06634583682518741
2,24,7,0.09950495753398299
2,24,8,0.21857217245980806
2,24,9,0.3485608378939484
2,24,10,-0.014911505230833672
2,24,11,-0.07591734023699816
2,24,12,-0.01757213327816422
2,24,13,-0.02304554124476139
2,24,14,0.39733670539664
2,24,15,0.06228870542009375
2,24,16,0.04040467293399865
2,24,17,0.11665689054075647
2,24,18,0.0006744251698011615
2,24,19,0.10298623961017825
2,24,20,-0.07075668716862805
2,24,21,-0.04876087919340171
2,24,22,-0.05961436275067488
2,24,23,-0.05401045886056793
2,24,24,0.719176857362539
2,24,25,0.14520462923108987
2,24,26,0.10230022572737195
2,24,27,0.15903766616497914
2,24,28,0.2125655906773427
2,24,29,0.26720865706728864
2,24,30,4.7954823853474e-32
2,24,31,-4.7954823853474e-32
2,25,0,0.05230225670087616
2,25,1,-0.012228232475445343
2,25,2,0.06189560339622098
2,25,3,0.03642797247896965
2,25,4,0.11325466954718469
2,25,5,0.19252882892319909
2,25,6,0.1137382456618698
2,25,7,0.09313070662651071
2,25,8,0.04050307216237869
2,25,9,0.11010238901958978
2,25,10,-0.024730361333137857
2,25,11,-0.12678025589109154
2,25,12,0.0022566706545164667
2,25,13,-0.005597167698367423
2,25,14,-0.05866214135337642
2,25,15,0.18809426211750455
2,25,16,0.14635418582171936
2,25,17,0.1387155505606594
2,25,18,-0.09529601063642382
2,25,19,0.09573408234766445
2,25,20,0.050966441868719084
2,25,21,0.01868484550310238
2,25,22,0.06811533476654716
2,25,23,0.03363219563778191
2,25,24,0.14520462923108987
2,25,25,0.23045361641654144
2,25,26,0.19428998100984518
2,25,27,0.18377743271232805
2,25,28,0.08941863608958113
2,25,29,0.18391869979785808
2,25,30,-6.138217453244671e-31
2,25,31,6.138217453244671e-31
2,26,0,0.06987350246396197
2,26,1,-0.011068692066878728
2,26,2,0.07665373133595475
2,26,3,0.05081930076975017
2,26,4,0.05268309003631487
2,26,5,0.14885855851897273
2,26,6,0.1338614802700762
2,26,7,0.09752341991158331
2,26,8,-0.0013528302639371392
2,26,9,0.03946118011564461
2,26,10,-0.030921826821446924
2,26,11,-0.11989320873209205
2,26,12,-0.00728383974577396
2,26,13,-0.004870052880136736
2,26,14,-0.092052701918663
2,26,15,0.15166559158218273
2,26,16,0.1728256553651623
2,26,17,0.14586686965516435
2,26,18,-0.11840367435638166
2,26,19,0.05447733832095253
2,26,20,0.06352089660965059
2,26,21,0.02455402480026472
2,26,22,0.07676538280326155
2,26,23,0.04342555137296853
2,26,24,0.10230022572737195
2,26,25,0.19428998100984518
2,26,26,0.2243485626933307
2,26,27,0.18872239985870382
2,26,28,0.058808998477204895
2,26,29,0.1286224368339302
2,26,30,-9.686874418401747e-31
2,26,31,9.686874418401747e-31
2,27,0,0.12619942950887886
2,27,1,-0.054696878596164546
2,27,2,0.13063728115710613
2,27,3,0.09244904039404445
2,27,4,0.1469537632225465
2,27,5,0.1728022221251488
2,27,6,0.1278262366502789
2,27,7,0.15862643490927342
2,27,8,0.025349342863600025
2,27,9,0.02067179415915166
2,27,10,-0.016223380293656206
2,27,11,-0.17002445274049047
2,27,12,0.003343030563785058
2,27,13,0.008260911138077927
2,27,14,-0.09852578554481971
2,27,15,0.11711050219425721
2,27,16,0.12428375896751037
2,27,17,0.22496983453750907
2,27,18,-0.15518760650905117
2,27,19,0.026523501861557625
2,27,20,0.10934028526288267
2,27,21,-0.012374629506731833
2,27,22,0.11871695465245198
2,27,23,0.07445686985678855
2,27,24,0.15903766616497914
2,27,25,0.18377743271232805
2,27,26,0.18872239985870382
2,27,27,0.26748190092160423
2,27,28,0.06393712949739076
2,27,29,0.10650567219124348
2,27,30,-9.447100299134377e-31
2,27,31,9.447100299134377e-31
2,28,0,-0.0487442846788797
2,28,1,-0.06847317910958253
2,28,2,-0.042228984389156954
2,28,3,-0.03858177503869272
2,28,4,0.15096716657812742
2,28,5,0.06992870788576036
2,28,6,0.009486134295368097
2,28,7,0.006771793848788317
2,28,8,0.357935383061507
2,28,9,0.10612418926130204
2,28,10,-0.026087825580245493
2,28,11,-0.15557440434789957
2,28,12,-0.018348362976553907
2,28,13,-0.02154031027168796
2,28,14,0.007767234371307177
2,28,15,0.010680711602118117
2,28,16,-0.002950285188052021
2,28,17,-0.03540752682111736
2,28,18,0.157178110311263
2,28,19,0.0002343646371272894
2,28,20,-0.024491154724420948
2,28,21,-0.019476749909759748
2,28,22,-0.015180475887040565
2,28,23,-0.019539907361522904
2,28,24,0.2125655906773427
2,28,25,0.08941863608958113
2,28,26,0.058808998477204895
2,28,27,0.06393712949739075
2,28,28,0.42188085160667266
2,28,29,0.1174516564183718
2,28,30,-5.814522392233722e-31
2,28,31,5.814522392233722e-31
2,29,0,-0.08127146617092794
2,29,1,-0.04240798266938015
2,29,2,-0.06725406547832949
2,29,3,-0.06355508011951273
2,29,4,0.2064141985214997
2,29,5,0.16870539657709585
2,29,6,0.06820009569447154
2,29,7,0.04166148000894004
2,29,8,0.07814963049061313
2,29,9,0.32059442564497725
2,29,10,-0.03231099643518263
2,29,11,-0.07968423935310327
2,29,12,-0.01373921976140064
2,29,13,-0.027548244828643424
2,29,14,0.1140371381618569
2,29,15,0.1577997216468336
2,29,16,0.1055413594994108
2,29,17,0.07835625656243955
2,29,18,-0.015157780845161006
2,29,19,0.2169813748848666
2,29,20,-0.05552723113665905
2,29,21,-0.011514600283674216
2,29,22,-0.038086643512348285
2,29,23,-0.040939565812220455
2,29,24,0.26720865706728864
2,29,25,0.18391869979785808
2,29,26,0.1286224368339302
2,29,27,0.1065056721912435
2,29,28,0.1174516564183718
2,29,29,0.33592597628282944
2,29,30,-3.9322955559848675e-31
2,29,31,3.9322955559848675e-31
2,30,0,-1.67841883487159e-31
2,30,1,5.754578862416879e-32
2,30,2,-7.576862168848891e-31
2,30,3,-1.1125519134005967e-30
2,30,4,-4.603663089933503e-31
2,30,5,-6.330036748658567e-31
2,30,6,-5.504314625431562e-31
2,30,7,-5.299008035808877e-31
2,30,8,-4.603663089933503e-31
2,30,9,-1.4626221275309568e-31
2,30,10,-5.51480474314951e-31
2,30,11,-4.7954823853474e-32
2,30,12,-9.854716301888906e-31
2,30,13,-5.766567568380248e-31
2,30,14,-1.726373658725064e-31
2,30,15,-3.83638590827792e-31
2,30,16,-3.1530296683659154e-31
2,30,17,-3.1650183743292836e-31
2,30,18,-1.1509157724833758e-31
2,30,19,-3.2009844922193892e-31
2,30,20,-5.658669214709932e-31
2,30,21,-2.110012249552856e-31
2,30,22,-3.4047924935966537e-31
2,30,23,3.2609280220362317e-31
2,30,24,4.7954823853474e-32
2,30,25,-6.138217453244671e-31
2,30,26,-9.830738889962169e-31
2,30,27,-9.495055122987851e-31
2,30,28,-5.802533686270353e-31
2,30,29,-3.9322955559848675e-31
2,30,30,1e-06
2,30,31,-4.449668543512268e-30
2,31,0,1.67841883487159e-31
2,31,1,-5.754578862416879e-32
2,31,2,7.576862168848891e-31
2,31,3,1.1125519134005967e-30
2,31,4,4.603663089933503e-31
2,31,5,6.330036748658567e-31
2,31,6,5.504314625431562e-31
2,31,7,5.299008035808877e-31
2,31,8,4.603663089933503e-31
2,31,9,1.4626221275309568e-31
2,31,10,5.51480474314951e-31
2,31,11,4.7954823853474e-32
2,31,12,9.854716301888906e-31
2,31,13,5.766567568380248e-31
2,31,14,1.726373658725064e-31
2,31,15,3.83638590827792e-31
2,31,16,3.1530296683659154e-31
2,31,17,3.1650183743292836e-31
2,31,18,1.1509157724833758e-31
2,31,19,3.2009844922193892e-31
2,31,20,5.658669214709932e-31
2,31,21,2.110012249552856e-31
2,31,22,3.4047924935966537e-31
2,31,23,-3.2609280220362317e-31
2,31,24,-4.7954823853474e-32
2,31,25,6.138217453244671e-31
2,31,26,9.830738889962169e-31
2,31,27,9.495055122987851e-31
2,31,28,5.802533686270353e-31
2,31,29,3.9322955559848675e-31
2,31,30,-4.449668543512268e-30
2,31,31,1e-06
